HC/ LO,Criteria
#gapanalysis,"#gapanalysis
Identify and evaluate whether there are suitable existing solutions to a problem or whether a creative new solution is required.

Please fill out this Google Form to submit suggestions for this page (i.e. typos, study guide contributions, useful applications, etc.). We are actively seeking feedback on anything big or small to make the HC Handbook as useful as possible.
Defining the HC icon Defining the HC

Pitch
When it comes to solutions, there's no need to reinvent the wheel (unless there is).

Paragraph Description
A novel solution to a problem is only required when an adequate solution does not already exist. Thus, the first step in “filling a gap” with a new product, process, or procedure is determining whether there is a gap to be filled. This requires evaluating whether existing solutions are sufficient, can be suitably modified, or if a new solution is needed instead.

Categorization
Foundational Concept | Empirical Analyses | Thinking Critically | Analyzing Problems

Cornerstone Introduction
Class: Empirical Analyses | Semester One

Unit: Problem Solving

Big Question: How can we feed the world?


General Example
A small agricultural NGO supports rural farmers and aims to increase crop yields. To address this goal, the NGO first considers using an existing, well-known mobile app that provides planting schedules, fertilizer recommendations, and pest alerts. However, they discover that the app was designed for large, commercial farms with reliable internet access and high-input farming systems. When the NGO tests it with their partner farmers, they find that many recommendations are unrealistic, depend on resources the farmers do not have, assume reliable connectivity, and sometimes encourage excessive fertilizer use. The NGO then evaluates several other existing digital farming tools, but encounters that despite using different approaches, all have similar issues. They all assume an infrastructure level that does not match the farmers’ context. After critically assessing the current options and confirming that none can be used or adapted without losing usefulness, the NGO decides to design a simpler, offline-friendly tool that provides low-input recommendations tailored to local conditions. Once deployed, farmers report improved yields using guidance that finally matches what they are looking for.

Footnote: A thorough consideration of potential existing digital farming solutions is carried out. After concluding that existing tools are not suitable for the farmers’ context, a new, simpler, user-friendly solution is developed to fill this “gap,” benefiting from highlighting unique features currently unavailable in alternative solutions.

Is it this HC icon Is it this HC?
Is #gapanalysis the right HC? If the answer to the following questions is yes, #gapanalysis could be useful:
Are you analyzing or modifying existing solutions, rather than creating novel solutions?
Are you critiquing the strengths and weaknesses of current solutions?
Depending on the focus of the work, there might be other applicable HCs to consider. Consult the following table listing possible related HCs.


The following HC might apply if the work:
#constraints        
Analyzes constraints (non-negotiable restrictions), instead of existing solutions’ shortcomings.
#heuristics        
Uses frameworks to create new solutions, rather than evaluating or modifying existing solutions.
#analogies        
Draws solutions from problems that are similar in structure but in a different domain, followed by similarity mapping and modifications tailored to the target problem’s context. Drawing the exact solution from another problem is an application of #gapanalysis (implying there is no need to devise novel solutions).
#rightproblem        
Identifies the initial state, goal state, and key obstacles of a problem. Note that any gap between the initial and goal state is the problem and thus #rightproblem instead of #gapanalysis.
#strategize        
Performs a SWOT analysis (strengths, weaknesses, opportunities, threats) on an organization.
Self Study icon Self Study
Try answering the questions on your own before checking the example answers.

What are the two aspects of a gap analysis?
Why are gap analyses necessary?
What are the general steps to carry out a gap analysis?
Is it still a quality gap analysis if we find that existing solutions will suffice?
What exactly is the relationship between #gapanalysis and #analogies?
Applying the HC icon Applying the HC

Guided Reflection
Have you documented all relevant existing solutions you found?
Have you evaluated the strengths and weaknesses of the existing solutions?
Have you considered whether modifying an existing solution would fill the solution gap?
Have you provided evidence for any solution gaps that require a novel solution?
Common Pitfalls
The application misidentifies the “gap” between the initial and final states of a problem as a gap analysis.
The application lists a few existing solutions but does not evaluate their potential in depth.
The application overlooks a particularly obvious and useful existing solution (e.g., not a thorough enough search for workable existing solutions)
The application only explores one existing solution.
The application creates a novel solution but misidentifies it as part of a gap analysis.
There is misalignment between the goal state and the gap analysis.
Applying the HC at Minerva
For Cornerstones Civic Projects, one of the first steps is to perform research on the topic. This helps students acquire background knowledge, learn the current status of the issue, and refine their project direction. This usually involves evaluating existing solutions to the challenge problem and identifying possible gaps in the current solutions. Students might then propose to fill one or more gaps as their final deliverable.
For example, one CCP group was working on designing optimal hybrid spaces to foster equity in educational experiences. They identified the existence of hybrid learning programs that they could refer to, such as the ZoomRoom and the Learning Studio. After the initial gap analysis, they noted that the mere existence of a hybrid learning room was not a suitable reference point for their deliverable idea. They carefully considered the constraints that an optimal solution should include, such as a guide that can aid the design process through questions. Upon further landscape analysis, they found that Steel Case proposed an adjacent solution worth considering. The advantages of the Steel Cases design were identified. However, the group decided there was still a solution gap to fill as the Steel Case solution had a key disadvantage. They took note of this disadvantage and aligned their solution towards filling that missing part.
#gapanalysis is a core HC in Empirical Analyses. 
As an example, a student was working to solve the subproblem of drug addiction in the Tenderloin area of San Francisco and completed a gap analysis. They first identified the key constraints related to budget and the chronic availability of drugs on the streets. Since homeless people have low incomes, the analysis assumed that the non-profit would have to provide drug treatment services for free. They also assumed that illegal drugs would always be available on the streets. 
They then explored existing solutions such as pharmacotherapy, therapeutic community, and outpatient counseling. For reasons including the lack of a current medicine for methamphetamine addiction and cost considerations, none of the existing solutions were considered workable. They thus used evidence to make the case that a novel solution would be required.
Applying the HC Outside of Minerva
The Gap Analysis Project (2019) aims to study the efficiency of nature conservation efforts by collecting species, land cover, and protected areas data. Using the dataset, they evaluate current strategies and determine if new strategies are needed. For example, the project found out that most protection was allocated to regions that lack biodiversity, while biodiversity-rich regions were neglected. The data helped decision makers to reform land protection programs (the existing solutions). Refer to the official website for more information.
Resources icon Key Resources"
,
#organization,"#organization
Effectively organize communications.

Please fill out this Google Form to submit suggestions for this page (i.e. typos, study guide contributions, useful applications, etc.). We are actively seeking feedback on anything big or small to make the HC Handbook as useful as possible.
Defining the HC icon Defining the HC

Pitch
An idea that could change the world might get derailed by how it is structured.

Paragraph Description
Written, spoken, and visual communication should be organized in a way that will be easy for the intended audience to understand and remember. Organization is helpful at every step of the creation process: from outlining original ideas to reverse outlining the final product. The organization should reflect the purpose of the document or presentation and accentuate what is most important for a given audience and context. A thorough application of organization streamlines the creative process and ensures all main points are highlighted and structured to be navigated effectively by the audience.

Categorization
Habit of Mind | Multimodal Communications | Communicating Effectively | Using Language

Cornerstone Introduction
Class: Multimodal Communications | Semester One

Unit: Writing as a Craft

Big Question: What might a perfect society look like?


General Example
You are writing an article about changes in the world of football and the pitfalls of compensating individual success over team performance. You organize your pre-writing process by creating a draft outline of your preliminary ideas and the structure of your argument. You emphasize how personal success became more important than the team's success because of the rise of individual pay. You utilize supporting evidence from various teams in appropriate locations. You organize the information so that it’s clear why you are writing the article, how each section connects to the next one, why football fans should care, and end with a clear “call to action” — namely, to elevate amateur teams by rewarding the entire team for their collective success. You then create a reverse outline of your work to ensure that all your main points come across clearly.

Footnote: Several aspects of clear organization were employed to structure a written piece such that it communicates a message effectively, including highlighting the purpose of the paper and the suggested actionable steps and linking the various pieces of evidence to walk the reader through the author's reasoning.

Is it this HC icon Is it this HC?
Is #organization the right HC? If the answer to the following questions is yes, #organization could be helpful:

Are you intentionally structuring your essay, argument, presentation, or other communication for your audience?
Have you thought about the best sequence or location for certain elements of your communication?
Are you considering multiple alternative organizational structures for your work?
Have you intentionally used effective introduction, body, and conclusion sections in your communication?
Are you critiquing the organizational structure of another communication?
However, depending on the focus of your work, there might be other applicable HCs to consider. Consult the following table listing possible related HCs.


The following HC might apply if the work:
#evidencebased	
focuses on how evidence has been chosen and structured to best support an argument.
#thesis	
focuses on the content of the thesis statement. The placement of the thesis statement and how it guides the organization of an essay requires #organization principles, however the content of the thesis statement falls under #thesis.
#professionalism	
deliberately formatted and presented itself to align with discipline-specific conventions.
#audience	
consideration of the audience has meaningfully informed the organizational structure of your message.
#communicationdesign	
evaluates how the order of elements aligns with cognitive principles on how humans organize and interpret what they see and hear.
#breakitdown	
organizes problems into tractable components to design solutions.
#responsibility	
focuses on following through, accountability, and proactivity, which can be helpful for organizing your work on a big project, especially organizing group collaboration on an assignment.
#negotiate, #persuasion, #algorithms, #deduction, #induction	
uses these HCs along with #organization to strengthen an argument and improve communication.
Self Study icon Self Study
Try answering the questions on your own before checking the example answers.

What are three organizational strategies? For which type of scenarios would you prioritize one organizational strategy over another?
What are some common ways people organize ineffectively?
How is an organization structure different from an organization strategy?
How does the organization of a report change depending on its length?
What are the different organization techniques writers employ to build mood?
For more practice, go to the section “Practice Questions: Check Your Understanding” in the “Organization” guide from Minerva's Summer Prep Writing Resources.

Applying the HC icon Applying the HC

Guided Reflection
Does your introduction provide an effective roadmap of the rest of your work, previewing what is to follow?
Have you ensured your introduction outlines the context of your problem, your thesis, and the importance of your argument?
Have you ensured each paragraph has a topic sentence?
Have you made deliberate choices for the sequence of your communication? What comes first, what comes next, what comes last?
Have you incorporated transition sentences to clarify your organizational structure within the text?
Have you ensured your conclusion relates to your thesis and the arguments outlined in the work while leaving room to reflect on your argument’s implications?
Would your work be improved by including subheadings and a table of contents?
Do your title, headings, and/or subheadings add to the organizational flow of your work?
Have you contrasted the organizational structure with alternative structures and considered the tradeoffs of other organizational strategies?
Have you provided justification and support for your critique and suggested non-trivial improvements if critiquing organizational choices in communications from others?
Have you included a substantive footnote that justifies (a) how your organization ensures the target audience will understand and remember the message, (b) highlight specific, interesting choices, (c) describe how the sequence in which you present information supports the communicative intent, and (d) briefly discuss a viable alternative that wasn't chosen?
For a checklist specific to an argumentative essay, see the “Self-grading Checklist” in the “Organization” guide from Minerva's Summer Prep Writing Resources.

Common Pitfalls
The application does not provide an effective roadmap to the paper in the introduction, especially with longer essays.
The application discusses ideas or material before the necessary background information has been introduced or defined in the paper.
The application neglects topic sentences for each paragraph.
The application does not adequately consider the experience of readers navigating the communication.
The application includes figures, tables, and/or appendices, but the main text does not effectively reference these elements.
The application does not demonstrate consideration of alternative approaches.
The application neglects to include a substantive footnote/endnote to justify the organizational approach and demonstrate thoughtful engagement with this HC.
The application confuses #organization with project management, describing how they organized the collaboration on a group assignment. In reality, #organization applies only to communication pieces - assignments, documents, speeches, etc.
Applying the HC at Minerva
You will use organization in all your courses when writing assignments, answering prep polls, and talking in class. Argumentative essays, research papers, executive summaries, policy proposals, mathematical analyses, scientific studies, and all forms of communication are either made stronger or weaker by their organizational structure. Think about it: when you make a point in class, how do you want to structure your message? Do you start with the main claim and offer supporting evidence? What are the tradeoffs of ending your message with an open-ended question?

Some examples of applications include:

Classes in which you produce written work involve utilizing different organizational strategies. For example, when writing a statistical analysis report, you may use a topical order to discuss each analysis with its relevant findings. On the other hand, when writing a paper on your country's historical development, chronological order may provide the best structure. This HC is relevant for all assignments, and you should use the organizational structure you think will best orient your audience and illustrate your message.
When writing a short story, plot structure plays a significant role in determining how engaging and clear your narrative is. While this doesn’t mean there’s only one effective structure, it does mean that organization should be intentionally adopted, like word choice, to support your writing goals.
Giving an oral presentation/talk requires careful consideration of #organization. Organizational strategies will depend on the presentation's length and the audience's attention span, but some general techniques help improve clarity. For example, from the start, the audience should understand the presentation's main goal so that they can follow along. It's also helpful to reinforce your main take-home points through regular repetition in the talk.
Structuring your senior tutorials and Manifest classes also involve applications of #organization. Active learning classes require careful consideration of the flow and organization of the activities and material. Developing a clear and realistic class outline involves setting priorities and incorporating planned segments that you can expand and cut in the live class context. Class design requires carefully organizing your lesson to ensure students achieve their goals.
This is an HC for which the process is important: it’s more about the process of thinking through how to organize a text than what appears in the final product. For that reason, the write-up in the footnote or appendix is crucial to demonstrate and justify your approach and reasoning. This is the place to explain your thoughtful choices and why they are effective. Strong write-ups will mention how the organization ensures the target audience will understand and remember the message, highlight specific and interesting choices, justify how the sequence of information supports the communicative intent, and discuss one or two viable alternatives that weren’t chosen (and why). Here’s an example to demonstrate the last point: 'I considered using a chronological sequence because I wanted to include important historical context upfront. However, because the rest of my paper is organized thematically, I decided to break up the historical context and integrate relevant pieces into each thematic paragraph. This makes the overall structure of the essay more coherent and also avoids having a paragraph that's just a boring 'information dump' right at the beginning.'

Applying the HC Outside of Minerva
Deliverable	Considerations	Further Resources
Blog Posts / Medium Articles	Outlining a blog post might be the perfect time to practice applying #organization. When half your audience skims your post, the post’s organization might be the key to answering your readers' questions: What are the sections of the article? Are there some sections that appeal more to me? What is each paragraph talking about?	How to Structure a Perfect Blog Post (With Examples)
Research Papers	You might get frustrated when you have to follow your research area’s writing conventions. But when you read other people’s research, how did the authors make it easier for you to build on top of their work by sticking to writing conventions?	
Structure & cohesion - Academic writing: a practical guide

Software / Code Documentation	How do you structure the documentation for your code? What might happen if you did not properly organize the installation and debugging guides?	
How to Write a Good Documentation: Home

Writing Feedback	How can you strengthen a point delivered in two sentences? Are there different ways to structure feedback?	
3 Simple Frameworks to Give Effective Feedback | by QuercusApp

Dialogue / Negotiations / Political Speeches	As with writing an essay, your speech’s intention determines its structure. You might structure your speech chronologically to highlight changes over time or draw attention to relationships between factors through a comparison.	
Structuring the Speech | Department of Communication | University of Pittsburgh

It would be beneficial to apply #organization in other areas too. How can you structure the responses in a behavioral interviewer to make your interviewer remember you and understand you are the best candidate? How about when writing a personal journal entry? How might you be an audience to yourself? When writing your dating profile or posts for social media? There are probably a dozen other examples! Where else can you apply the HC?"
,
#medium,"#medium
Describe, analyze, and utilize distinctive characteristics of communicative and expressive mediums at the level of form and structure.

Please fill out this Google Form to submit suggestions for this page (i.e. typos, study guide contributions, useful applications, etc.). We are actively seeking feedback on anything big or small to make the HC Handbook as useful as possible.
Defining the HC icon Defining the HC

Pitch
The medium of a work is the foundation upon which its message is built.

Paragraph Description
When analyzing or crafting a creative work, one must pay close attention to its structure and the use of medium-specific tools in order to create a compelling work or to interpret what the author is trying to communicate. Linguistic mediums, such as poetry or nonfiction, utilize different characteristics of language to meet their expressive goals. Other mediums, including music and visual art, communicate in ways that are fundamentally different from linguistic communication. Some such works are abstract, and others use recognizable symbols or familiar images to represent something deeper for the audience. Additionally, because a medium may encompass a number of different genres, authors may apply different genre-specific techniques and characteristics to make the work more vivid and memorable. To draw inferences about a particular medium, one needs to understand the relevant norms of expression and acquire the vocabulary to describe, analyze, and organize them.

Categorization
Foundational Concept | Multimodal Communications | Using Nonverbal Communication

Cornerstone Introduction
Class: Multimodal Communication | Semester Two

Unit: Interpretation

Big Question: How do we interpret artistic communication?


General Example
The announcer in a political ad warns of dire consequences if his candidate’s opponent is elected. He tells us that this evil person would make the world a more dangerous place. In the background, starting softly at first and then swelling to a crescendo is music in a minor key, which is generally known to reflect a more negative mood as opposed to major keys. The minor notes come to dominate, and are reinforced with a low droning cello, with a low pitch that brings the music’s mood even lower. The music becomes dissonant and by the end of the ad you are slightly on edge. You realize the music’s key combines with its instrumentation and dissonant harmony to evoke a sense of discomfort in you and make it more likely that you will dislike the candidate being spoken of, achieving its purpose.

Footnote: The music’s distinctive features allow it to communicate emotional undertones to the audience through the use of nonverbal communication, transmitting the message that the candidate is not trustworthy due to the discomfort evoked in the audience.

Is it this HC icon Is it this HC?
Is #medium the right HC? If the answer to the following questions is yes, #medium could be useful:

Are you analyzing how a work’s medium impacts its message?
Are you comparing two works with a similar message but with different mediums?
Are you paying close attention to the elements and conventions associated with the medium you are working with?
Are you intentionally incorporating a certain medium and paying attention to medium elements to elevate your work product?
Are you attempting to communicate a message that would be hard to convey using a different medium?
Consult the following table listing possible related HCs.


The following HC might apply if the work:
#multimedia	
analyzes how multiple mediums work together or conflict with each other to create a work of multimedia, with a result that is different from the sum of the contributions of each individual medium.
#persuasion	
discusses the design and execution of an argument.
considers different theories and effects at play, like the assimilation effect from social judgment theory.
#context	
situates a work in its appropriate context for analysis or argumentation.
#communicationdesign	
uses principles of communication design to connect with the intended audience.
Self Study icon Self Study
Try answering the questions on your own before checking the example answers.

What are the main elements of medium in a painting?
What are the main elements of medium in music?
What are the main elements of medium in poetry?
What is the difference between analyzing the #context and the #medium of an artistic piece?
What are the main elements and techniques of medium in creative non-fiction?
Applying the HC icon Applying the HC

Guided Reflection
Is the application creating or critiquing a work that employs a certain medium?
Does the application utilize a medium to create a holistic deeper meaning?
Is the choice and use of a medium described and explained clearly?
Has the application described the medium elements before analyzing them?
Does the application mention how a different medium would affect the work’s message?
Do you analyze a piece of work using medium specific terms?
Common Pitfalls
The application lays claim to one medium when a different medium was utilized.
The application utilizes medium, but does not explain how the medium adds value to their message.
The application analyzes the medium without first describing the medium, making the application shallow and susceptible to anchoring bias.
The application describes a work’s medium, but does not use medium-specific terms to create deep analysis.
Applying the HC at Minerva
Anytime you are creating a work, you should carefully choose what medium will best portray your message. Using #medium effectively allows you to connect with your audience in a deep and often creative way. Understanding #medium also allows you to analyze different types of communication with medium specific terms and perspectives.

Some examples of applications include:

In psychology, you can use #medium to help you understand and even develop music therapy. Music moves people: some music leads to greater feelings of relaxation while other pieces can increase brain activity. By analyzing which musical elements lead to which psychological responses, you can apply medium to this field of work.
In business, #medium can be used to refine how you pitch ideas to possible investors. Sometimes such pitches will take the form of a speech, but in a competitive field, setting yourself apart can be advantageous. Utilizing #medium is a way to present your idea in a unique way, by making a graphic that uses compositional techniques to send your message.
Applying the HC Outside of Minerva
Fashion is a medium too. Expressing yourself through clothing has a lot to do with #medium. What colors, fabric, and genre pieces you wear can send a strong message. Utilize #medium in the way you dress and present yourself to others. Fashion is an artform!
This HC is important for educators in connection with the #scienceoflearning. Different mediums are used in education to achieve different purposes. Textbooks offer structured, detailed information and are often used for self-study and reference. Lectures provide a direct way of delivering content through verbal communication and visual aids. Multimedia presentations can incorporate videos, animations, and interactive elements. A combination of these media and others can be used to enhance learning."
,
#purpose,"#purpose
Articulate a mission statement that coherently connects fundamental values with long and short term goals, as well as the operating procedures that advance these goals in light of the values.

Please fill out this Google Form to submit suggestions for this page (i.e. typos, study guide contributions, useful applications, etc.). We are actively seeking feedback on anything big or small to make the HC Handbook as useful as possible.
Defining the HC icon Defining the HC

Pitch
A journey of a thousand miles begins with a single step. Make sure that the first step is in the right direction.

Paragraph Description
Projects and initiatives frequently fail when they lack a clear and principled purpose. Identifying the purpose of an individual or group (including, but not limited to, formal organizations) is critical for evaluating their actions—or one’s own. To construct an individual’s or group’s purpose, it is useful to articulate the underlying values that guide and constrain our goals. Moreover, successful outcomes also depend on articulating operating procedures, or guiding principles, consistent with the values and goals.

Categorization
Habit of Mind | Complex Systems | Thinking Critically | Analyzing Decisions

Cornerstone Introduction
Class: Complex Systems | Semester Two

Unit: Ethics and Justice

Big Question: How should power be used and distributed?


General Example
The purpose of the non-profit organization that you want to volunteer in is “to create a radically inclusive, just and loving community, mobilized to alleviate suffering and break the cycles of poverty and marginalization.” As you interrogate the organization and talk to its founders, you learn that one of their core values is the notion that all people deserve to be respected and empowered equally (‘radically inclusive’), as well as a commitment to kind and pleasant interactions (‘loving community’). Another core value is an egalitarian conception of social justice, according to which the way to respect and empower everyone equally is to ensure there are social conditions in place that prevent people from succumbing to poverty (‘breaking the cycle of poverty and marginalization’). These values underlie their monthly goal of serving at least 60,000 meals to those who may otherwise go hungry. Likewise, their operating procedures reflect these values and goals as they give out free meals daily to anyone who comes to their walk-in center.

Footnote: The organization’s purpose was identified and further elaborated through the discussion of their values, goals, and operating procedures. To evaluate the organization’s operation the tight connection between the mission’s components is emphasized.

Is it this HC icon Is it this HC?
Is #purpose the right HC? If the answer to the following questions is yes, #purpose could be useful:

Are you describing the values, goals, and operating procedures of a company, organization, or (individual) effort?
Are you explaining how these different parts of a strategy are connected? 
How do your operating procedures advance your goals and values?
How do your values inspire your goals?
What are potential mismatches?
However, depending on the focus of the work, there might be other applicable HCs to consider. Consult the following table listing possible related HCs.


The following HC might apply if the work:
#responsibility	
Focuses on the ways in which we follow through on commitments. Useful to apply once you have thought through what commitments align with values and goals.
#strategize	
Develops a plan to achieve goals by finding leverage. Helpful when moving from goals to operating procedures but sometimes applied with goals that aren’t necessarily related to a mission.
#leadprinciples	
Applies principles of effective leadership to reach a group’s goals. A leader will benefit from an understanding and embodiment of #purpose. It relates to leading by example, but also, a leader might want to align people’s goals. But there are more qualities a leader might have that do not immediately relate to #purpose, such as charisma.
#gapanalysis	
Analyzes whether existing solutions can sufficiently help you solve a problem. It might overlap with #purpose when you analyze how to move from goals to operating procedures and how other organizations do this.
Self Study icon Self Study
Try answering the questions on your own before checking the example answers.

What are SMART goals? Explain the need to which each responds.
Name one overarching advantage and pitfall to implementation as a strategy for setting goals.
What principle of #scienceoflearning also applies (to an extent) to a goal that generates the most effort?
What are the four mechanisms that help people achieve goals? Tip: read the first resource in the Key Resources section.
PRACTICE - Below is a table with the Values, Goals, and Guiding Principles of Monsanto, the world’s most giant agrotechnological multinational. Their mission is “Health for all, Hunger for none.” Fill in the gaps to align values goals and principles: View the table here
Critique an operating procedure of Monsanto in day-day business in the light of the above values and goals. Offer an alternative. Choose from:
Buying small plant labs 
Patenting seeds discovered at educational institutions 
Focusing on monoculture (cash crops) 
Investing in new seed development facilities 
Developing pesticides
Keeping much research confidential or internal rather than publishing
Applying the HC icon Applying the HC

Guided Reflection
Have you identified the company, organization, or project's central values, goals, guiding principles, or operating procedures?
Have you considered the motivational aspect of your #purpose and made adjustments to your plans to improve your ability to stick with your goals?
Have you critiqued the current connections between values, goals, and operations or suggested improvements to align them better?
Have you thought about the effects of your defined goals and values on the work that the organization/group/individual does and then used that reflection to reshape your goals?
Have you defined what a successful outcome would look like and how the goals help you achieve this?
Common Pitfalls
Focusing on SMART goals and forgetting that goals should also be inspiring or engaging to create drive.
Trying to analyze or improve a complete set of values and goals instead of addressing one specific way to create better alignment and performance of those.
Focusing on establishing a clear set of values without connecting that to specific acts.
Seeing the values/goals as separate from the people having to exercise them. Individuals making up an organization: Their values and goals should be compatible with the organization’s.
Not thinking through the practical implementation. For example, without feedback systems, people might not stay on track with their goals.
Applying the HC at Minerva
#purpose is an essential habit of mind that might help you to create or analyze mission statements for organizations, businesses, or individuals. This is helpful across Minerva’s colleges. Although it was introduced as applying to professional organizations, it applies as well to movements, individuals, communities, and institutions.

Businesses: Whenever you analyze or plan a business, you will find #purpose central in what ties together many parts of that business. For example, you could use this HC to critique a company’s operating procedures in light of their goals. You could compare their long to short-term goals or analyze what their values, as expressed through brand identity, actually mean for the company's workings. #purpose will help you in making business a field with, well, purpose.

Institutions: In Politics, Economics, and Sustainability, you will often investigate or work with institutions or nongovernmental organizations that have articulated mission statements. For example, the United Nations articulates that they work towards five main goals: 1) Maintain International Peace and Security. 2) Protect Human Rights. 3) Deliver Humanitarian Aid. 4) Support Sustainable Development and Climate Action. 5) Uphold International Law. An exciting application of #purpose is to investigate how these follow from the essential values that U.N. countries agree on or explain how some of these goals conflict in some contexts.

Movements, Collectives, Communities: In  History, Art, and Politics, you investigate groups of people that work together with a shared sense of values and goals, often without being clearly defined. You might think of #purpose as being emergent here and likely quite dynamic. Defining a movement's purpose, goals, and actions (and how they change over time) is challenging and a valuable application of #purpose. It is also worthwhile to critique a movement’s purpose, suggest improvements, or suggest a way to align the purpose throughout.

Individual: When applying #purpose on an individual level, you will find much more flexibility in defining a purpose or changing goals. You can do this, for example, around coaching or when working on your capstone. Setting a clear purpose for yourself can help you choose actions to focus on and help you prioritize the things that matter to you. In applying this HC in individual contexts, you might use the SMART framework to adopt goals and then describe a process of reaching a set of aligning missions, goals, and actions, explaining and reflecting on the adequacy of the means you adopted to achieve those goals.

Applying the HC Outside of Minerva
Group Work - Setting shared values and goals with a group can be a great way to create a shared sense of purpose in your work. In many organizations, it unites a team to work together in the face of difficulties. You might reach such a shared sense of purpose from an inspiring leader or from having conversations and brainstorming about what connects you as a team. You can apply this HC when you articulate shared goals and use them to focus your strategies for implementation.

Planning your Life - Whether professionally or personally, having a strong sense of purpose will help you stay energized and focused on the things you do. As you discover what values you feel connected to, #purpose can help you transform those into a broader personal strategy to stay aligned with those values. Similarly, you might look at what you are doing and ask yourself: What goals is this connected to? Ikigai is a framework that you might come across and relates significantly to creating a meaningful life. It divides life - or a career - into four areas: doing what you love, doing what you are good at, doing what the world needs, and doing what pays. This framework helps imagine the wide variety of domains touched by adopting different kinds of #purpose.

Helping others find their purpose - Recognizing what their values are and suggesting to them how to put those into practice can be an effective way to build trust and understanding in your relationships. It can help share some of the burdens of making changes or adopting new habits. Sometimes, this might be sharing opportunities that align with someone’s long or short-term goals and, most important, values. In a professional context, people working in human resources or recruiting will benefit from identifying how someone else’s values and goals might align with the opportunities around them. Or, when someone is struggling with some sense of meaning, you might look closely at what misalignment causes this. Maybe one of their primary responsibilities in their work directly opposes one of their core values."
,
#persuasion,"#persuasion
Craft and interpret communications that create a favorable disposition or move audiences to do something.

Please fill out this Google Form to submit suggestions for this page (i.e. typos, study guide contributions, useful applications, etc.). We are actively seeking feedback on anything big or small to make the HC Handbook as useful as possible.
Defining the HC icon Defining the HC

Pitch
Persuasion techniques are similar to fallacies, they may not be logically sound, but they can still be effective.

Paragraph Description
Persuasion techniques appeal to human’s emotional range and tendency to reason in particular ways. To craft effective persuasions, one must understand their audience’s motivations and social attitudes as well as their likelihood and ability to engage in particular kinds of reasoning. If not executed carefully, persuasions can even backfire, causing audiences to do the opposite of the intended persuasion. Emotions in particular are deeply involved in decision-making, so directly appealing to an audience’s feelings (e.g., pleasure, humor, surprise, fear) can amplify a persuasion.

Categorization
Habit of Mind | Multimodal Communications | Negotiating and Persuading

Cornerstone Introduction
Class: Multimodal Communications | Semester Two

Unit: Persuasion

Big Question: What is involved in persuasive communication?


General Example
You are trying to convince your family to start taking their reusable cups out for coffee. They claim to care about the environment, but they don’t think the benefit of using a reusable cup outweighs the inconvenience of carrying it. You create a presentation for them where you quantify how much harm they cause by not using a reusable cup and how many of their favorite animals they could help by using it. You show them photos of cute otters huddling together among plastic debris. You remind them that you are majoring in Natural Sciences and study exactly this type of issue in class, establishing yourself as a credible source. You then present the fact that they can also get a 10 cent discount in many cafes if they use their own cup. You make sure to explain that the baristas in coffee shops can rinse your cup for you so you don’t need to wash the cup prior. You then remind them of how much work they’ve done for the environment and their passion for conservation. After your presentation, your family realizes it would be hypocritical of them to not take their reusable cup but claim to be environmentalists. Because it is a simple thing to adopt, they try taking reusable cups out with them.

Footnote: Several persuasion techniques are utilized, including an appeal to authority (when you state your credibility) and emotion (guilt when seeing the cute otters suffering), increasing cognitive dissonance (by pointing out their hypocrisy), an appeal to logic (because of the financial incentive adding to benefits and the lowering of costs by explaining the practicality of having your cup rinsed) and a push to change their attitude instead of their commitment to environmentalism (by reminding them of the reason for their passion) to get your family to shift their behavior.

Is it this HC icon Is it this HC?
Is #persuasion the right HC? If the answer to the following questions is yes, #persuasion could be useful:

Does the work try to influence the audience in some way, with a goal of changing their beliefs or actions?
Does the work lean on one of the four theories of persuasion to send its message?
Does the work critique how a work persuades its audience?
Does the work appeal to the audience’s emotions?
However, depending on the focus of your work, there might be other applicable HCs to consider. Consult the following table listing possible related HCs.


The following HC might apply if the work:
#organization, #sourcequality, #evidencebased, #induction	
These HCs can make your #persuasion more effective, particularly if you are following the central route in the elaboration likelihood model.
#conformity	
Identify and analyze social norms, their features, origins, and development, sometimes with the intent to influence others to conform. Particularly relevant to social judgment theory.
#psychologicalexplanation	
Knowledge of these psychological tendencies helps one persuade more effectively.
#medium, #audience, #context	
Use these HCs along with #persuasion to identify which type of persuasion would be most effective for your communication.
#fallacies	
Use #fallacies if the focus is on how to eliminate or mitigate the fallacy.
#shapingbehavior	
Use #shapingbehavior if you are changing factors in the outside world (like incentives) to change behavior. Use #persuasion if you are trying to change someone’s perceptions or beliefs in order to change their behavior.
#emotionaliq	
Understanding and managing both your own and others’ emotions can make your message more compelling. By recognizing emotional cues, you can adapt your tone, framing, and delivery to better connect with your audience and influence their response.
Self Study icon Self Study
Try answering the questions on your own before checking the example answers.

What is Social Judgment Theory?
What is the Elaboration Likelihood Model?
What is Cognitive Dissonance Theory?
What is the Narrative Paradigm?
What is the boomerang effect?
What is the difference between persuasion and manipulation?
What step-by-step process can be followed when applying #persuasion?
Applying the HC icon Applying the HC

Guided Reflection
Have you identified and justified which persuasive technique(s) best align with the audience and topic, demonstrating that you’ve considered alternative approaches?
Have you explained whether the audience’s beliefs align with their behavior and where the audience lies on the spectrum of acceptance and rejection?
Have you discussed how much the audience is motivated by, emotionally invested in, and educated on the persuasive topic?
Have you discussed how storytelling relates to and persuades the audience?
Have you identified the emotions the audience should feel in response to the proposed persuasion technique and how you might make the audience feel those emotions (#connotations, #expressions, #multimedia techniques, etc)?
Common Pitfalls
The application does not utilize any persuasion techniques.
The application claims to have used a particular persuasion technique when using another.
The application does not explain why certain persuasive techniques were utilized over others.
The application does not understand its audience, making the persuasion unrelatable and ineffective.
The application has crossed the line between persuasion and manipulation.
The application attempts to identify too many emotions at once, leading to a superficial analysis that lacks depth
The application vaguely claims that “emotions are evoked” without naming specific emotions or explaining the persuasive mechanisms that cause them.
Applying the HC at Minerva
You will use persuasion when seeking to influence your audience. Different types of persuasion can increase your credibility, appeal to the audience’s emotions or logic, and persuasively organize your message. Since persuasion is a powerful HC that is applied widely, it should be used deliberately and responsibly.

Some examples of #persuasion applications are shown below:


You may use persuasion to convince different audiences to care about a new green energy solution that could fight against climate change. Since climate change directly affects every person on earth and you need widespread support, you want to spread information about this clean energy development to multiple audiences. However, you understand that to convince each audience to care about your development, you must use different routes of the elaboration likelihood method for different audiences.
You utilize the central route of the elaboration likelihood model for your peers in the scientific field. This audience is already educated about climate change and energy developments and is motivated to learn more. You provide this audience with all the data your team has gathered that supports the effectiveness of your solution to provide efficient energy and reduce greenhouse gas emissions.
You turn to local news outlets to educate the general public about your findings. You decide to use the peripheral route of the elaboration likelihood model because this audience is not necessarily motivated to care about climate change or your energy solution. You establish yourself as a credible source of authority by listing your credentials and high-profile team. You recruit well-known people who are not experts in science but are generally trusted by the public for their excellent judgment and character to support your findings, promote clean energy, and appeal to the audience’s affinity. Finally, you appeal to scarcity by explaining that time is running out to combat climate change, so the audience must act now by supporting your clean energy solution.
Applying the HC Outside of Minerva
You see persuasion all the time in advertisements in person and online. Knowing about persuasion theory can help you combat unwanted influence from such advertisements. Ask yourself:
Does the information that there are only two more Harry Styles posters left at this price actually change whether or not you need another poster of Harry? Probably not. However, this information does appeal to your sense of scarcity and may make you more willing to buy unneeded decor!
Does that message that your airline donates money to offset carbon emissions give you the extra push to buy a ticket when you could take public transportation? Maybe, but it probably shouldn’t! You know that message was designed to cure the dissonance you feel when your flying patterns are out of line with your environmental values."
,
#communicationdesign,"#communicationdesign
Apply principles of perception and cognition in oral and multimedia presentations and in design.

Please fill out this Google Form to submit suggestions for this page (i.e. typos, study guide contributions, useful applications, etc.). We are actively seeking feedback on anything big or small to make the HC Handbook as useful as possible.
Defining the HC icon Defining the HC

Pitch
Powerpoints suck, but you don’t have to! Design your communication in a fun and engaging way.

Paragraph Description
A large body of research has documented many aspects of human perception and cognition, resulting in a set of principles that captures how humans organize and interpret what they see and hear. Illustrations—in published works as well as presentations and video—will communicate effectively only if they respect these principles. Similarly, objects that invite specific uses must be designed to communicate those uses clearly.

Categorization
Habit of Mind | Multimodal Communications | Using Nonverbal Communication

Cornerstone Introduction
Class: Multimodal Communication | Semester Two

Unit: Interpretation

Big Question: How do we interpret artistic communication?


General Example
You attend a talk about conscious spending where the presenter uses a powerpoint presentation to complement his speech. You notice that his slides have very different fonts and jarringly contrasting colors, which confuses you because they talk about the same topic. You also find it hard to understand what is important in each slide because their texts are dense and font size small. The diagrams don’t display any of the information on the slides, but rather data that has to do with another part of the speech, making it hard to follow. You realize that his communications were ineffective and you are left confused by the end of their talk because their visual communications didn’t adhere to any of the cognitive principles of communication design.

Footnote: There is too much information being displayed, violating the principle of limited capacity (states that humans have limited cognitive capacity for understanding information). The diagrams and numbers don’t complement the text, which violates the principle of compatibility and the lack of consistency and change in color/font does not indicate a change in content as humans normally expect, which violates the principle of informative change, rendering communications ineffective.

Is it this HC icon Is it this HC?
Is #communicationdesign the right HC? If the answer to the following questions is yes, #communicationdesign could be useful:

Are you trying to communicate an idea in bullet or graphic form?
Are you presenting a slideshow that will be accompanied by spoken details?
Are you attempting to communicate to an audience in an effective and efficient manner?
Consult the following table listing possible related HCs.


The following HC might apply if the work:
#multimedia	
analyzes how multiple mediums work together or conflict with each other, or creates a work of multimedia.
#persuasion	
discusses the design and execution of an argument.
considers different theories and effects at play, like the assimilation effect from social judgment theory.
#medium	
analyzes and utilizes a certain medium at the level of form and structure.
#evidencebased	
identify and appropriately structure the information needed to support an argument effectively.
#scienceoflearning	
identifies the ways humans are best able to learn and retain information.
focuses more on how to learn information than how to share information.
Self Study icon Self Study
Try answering the questions on your own before checking the example answers.

What are the main principles of communication design?
What do each of the main principles entail?
What is the maximum number of bullets you should put on a slide to adhere to the limited capacity principle?
When is communication design most often used?
Kosslyn groups the #communicationdesign principles based on how we process and retain information, breaking them down into three stages: encoding, working memory, and accessing long-term memory. Where does each principle fit in with these stages, and how do they work together?
How can we distinguish between similar communication principles?
Applying the HC icon Applying the HC

Guided Reflection
Have you adhered to the main principles of communication design?
Do your visuals enhance the communication, providing a value add to your work?
Have you explained how using #communicationdesign improved your ability to communicate effectively?
Are all graphics used clear and relevant to your message?
Are slide template or theme choices justified with explanation about how they aid your purpose?
Common Pitfalls
One or more of the main principles of communication design have been neglected without explanation.
Visuals do not distract from the communication, but they do not add anything either.
Visuals are blurry, unrelated, or watermarked.
A slide template was applied without critical analysis on its effectiveness for your purpose.
Applying the HC at Minerva
Anytime you are creating a slideshow or presentation that includes bullets, graphics, or visuals, this HC will help you communicate your main ideas effectively. By utilizing communication design principles, you can keep your audience engaged.

Some examples of applications include:

In the natural science college, you can use #communicationdesign to explain your research findings to others through visuals and graphics. By using the principles of #communicationdesign you can hold your audience’s attention while adding to their understanding of your findings. For example, explaining how research in clean energy has expanded and impacted climate change since 2000 could be aided by incorporating important visuals, graphics, and timelines that adhere to #communicationdesign.
In the social science college, #communicationdesign could help you build slides to pitch your social-action idea to funders. By having visuals that will enhance your communication by illustrating the social issue and possible impact of your idea, you can capture your audience and ensure your idea becomes change.
Applying the HC Outside of Minerva
When designing social media posts for your small business, #communicationdesign can be the difference between an active following and a failure to reach you audience. On social media these principles are particularly important because the audience tends to be impatient and disengaged. Therefore, stunning visuals with short but detailed bullets can draw possible customers in and help your business grow!
As with all HCs, the applicability of communication design principles may vary depending on #audience. The principles are useful and can open your eyes to communication nuances, but they are not universal and timeless. Adjust applications thoughtfully for different audience expectations. This could look like violating a principle on purpose to convey a particular meaning (for example, purposely cluttering a slide with content to convey a sense of “chaos” to make a salient point for the audience). Strong applications might also consider different perceptions across cultures. For example, some Asian countries prefer bright, information-dense slides, reflecting a holistic way of thinking and the importance of context, rather than the principles of limited capacity. In South Korea, presentations often include numerous facts, figures, and visuals, with overloaded slides delivered at a fast pace. Visit these links to learn more about design across different regions and presentations in South Korea. Even color can symbolize different things across different cultures. Blue is believed to be the safest and most commonly positively perceived color across cultures, although it could also stand for sadness. If this interests you, visit this article to learn about tips for presentations across cultures. These are just a couple of examples that illustrate how the applicability of the communication design principles can vary based on your #audience."
,
#breakitdown,"#breakitdown
Organize problems into tractable components and design solutions.

Please fill out this Google Form to submit suggestions for this page (i.e. typos, study guide contributions, useful applications, etc.). We are actively seeking feedback on anything big or small to make the HC Handbook as useful as possible.
Defining the HC icon Defining the HC

Pitch
Don't try to solve a problem all at once. Break it down before it breaks you down.

Paragraph Description
Many problems are daunting when taken as a whole, but become much easier to address when broken into components. However, not all ways of breaking a problem into subproblems are equally useful, nor do all invite equally effective strategies for solving the subproblems and assembling the solutions into a coherent whole.

Categorization
Habit of Mind | Empirical Analyses | Thinking Creatively | Analyzing Problems

Cornerstone Introduction
Class: Empirical Analyses | Semester One

Unit: Problem Solving

Big Question: How should we allocate water?


General Example
You are on a team tasked with drafting a governmental policy that will help alleviate the negative consequences of a local mining operation. However, you realize that the problem is too large to tackle. Thus, you break the main problem down by the type of problem (environmental degradation, residents’ health concerns, and legal rights). An alternative way of breaking down the problem would be to use the “triple bottom line model” (financial sustainability, environmental sustainability, social sustainability). You realize that breaking down the problem by type makes it easier for different organizations to take action, so you proceeded with that breakdown. Your personal expertise and interests revolve around environmental impacts, so you decided to tackle the environmental degradation subproblem. Iterating the process, you break down the first order subproblem by type, forming second order subproblems (land pollution, water pollution, air pollution). Data from the United States Environmental Protection Agency suggests that the local air pollution is extreme enough to cause health issues. Hence, you decided that air pollution is the most urgent issue and proceeded with this subproblem. By focusing on the chemistry of pollutant molecules, the subproblem seemed tractable and you proceeded to the next stage of the policy-drafting process.

Footnote: You broke the main problem down with two iterations. For each iteration, you selected one specific subproblem to proceed with sufficient justification (the first order subproblem by expertise, the second order by actual data). You also provided rationale on the tractability of the final subproblem, hence stopping the iteration process.

Is it this HC icon Is it this HC?
Is #breakitdown the right HC? If the answer to the following questions is yes, #breakitdown could be useful:

Does the work decompose a problem into tractable parts?
Does the work explain multiple subproblems, their connection to each other, and how they are relevant to the larger problem?
Does the work detail a solution that takes multiple subproblems into account?
Depending on the focus of the work, there might be other applicable HCs to consider. Consult the following table listing possible related HCs.


The following HC might apply if the work:
#rightproblem	
characterizes a problem with initial state, goal state, key obstacles, and scale.
#systemmapping	
decomposes a system into functional units (compared to decomposing a problem into subproblems).
focuses on interactions among individual units to answer an explanatory challenge (compared to exploring subproblems in isolation, then reassembling subsolutions).
#responsibility	
plans or analyzes a plan to effectively reach certain goals.
analyzes an individual’s strengths and weaknesses.
#strategize	
constructs a coherent strategy that ties together the diagnosis, guiding policy, and a set of specific actions for the sake of initiating an action plan for a particular situation.
evaluates an organization with a SWOT analysis (strengths, weaknesses, opportunities, threats)
#constraints	
identifies a constraint. Unlike a subproblem, the work will not attempt to solve a constraint.
#algorithms	
breaks down the process for solving a problem into a clear step-by-step process with well-defined inputs and outputs (as opposed to breaking down a problem into sub-problems that are solved on their own).
Self Study icon Self Study
Try answering the questions on your own before checking the example answers.

What do we mean by an “iterative” breakdown?
What are two techniques to visualize an application of #breakitdown?
Why is a fishbone diagram helpful?
What is the difference between a key obstacle and a subproblem?
What is the difference between first, second, and third order subproblems? Why is it important to make the distinction?
Applying the HC icon Applying the HC

Guided Reflection
Have you made the subproblems tractable, clear, and well defined?
Have you listed all the subproblems relevant to your problem?
Have you ensured the subproblems are problems rather than constraints?
Can you explain your breakdown process in simple terms? Note that there isn’t 'one way' to break down a problem, so clearly articulating why you decided to break down the problem into the subproblems you did is an important aspect of applying #breakitdown.
Have you explained how the subproblems are connected and necessary to solve the big problem?
Out of the list of subproblems, how did you select the relevant subproblems to tackle?
Have you included a caption for a diagram used to break down a problem?
Can you describe the subproblems of interest with sufficient depth?
Common Pitfalls
The application misidentified a constraint as a subproblem. Subproblems are obstacles you should overcome to get to your goal. To reduce deforestation in Mexico, one subproblem might be the lack of communication between local foresters and multinational companies. One constraint is to ensure foresters’ financial sustainability.
The application misidentifies an effect of the problem as a subproblem.
The application identifies correct subproblems, but does not explain:
Why the subproblems are relevant to the problem.
How the subproblems are connected to each other.
How the break down into subproblem categories was decided upon given multiple possible ways to break a problem down (e.g., breaking down by region or breaking down by problem type)
The application identifies subproblems that are neither relevant to solve the issue nor tractable.
The application uses the phrase ‘break it down’ in the colloquial sense, neglecting what it encompasses as a problem-solving HC.
Applying the HC at Minerva
As part of your capstone, you should divide your goal into smaller subproblems to plan your work schedule and deadlines. Breaking down capstone tasks is likely a #breakitdown application, while planning is likely a #responsibility or #heuristics (means-ends analysis) application.
From getting your visa, to navigating a new city and keeping yourself well-fed, it will be necessary to apply #breakitdown to prevent yourself from being overwhelmed.
In Civic Projects, you need to break down the big challenge questions to identify subtopics that are worth pursuing.
In the CS college, or whenever writing a sophisticated algorithm to address a problem or need, you will need to break down the bigger task into smaller chunks. The “sub-problems” in this context often take the form of individual “functions” in the code that are designed to tackle key steps of the algorithm. An effective break down would require thinking through the use of functions and/or sub-routines and justifying the way they are integrated into the algorithm as a whole.
Please note that “breaking down your code” by structuring your files or making your code more readable is likely an application of #organization or #composition more than #breakitdown.
The principles of this HC are highly valuable for problem solving in mathematics and physical sciences. For example, when studying two or three-dimensional motion in physics, it’s often productive to break the system down into perpendicular components (e.g., horizontal and vertical, or north/south and east/west). This is highly valuable because the physics along perpendicular directions is independent, allowing one to apply the laws of motion to each direction in isolation. Thus, we treat each component as as different “sub-problem” we can analyze independently. For instance, one can analyze the motion in the x-direction to determine the x-component of an object’s velocity, do the same for the y-component, and then assemble both components to determine the resultant magnitude and direction.
Applying the HC Outside of Minerva
When developing social policies on climate change, it is important to understand which subproblems are necessary to address to solve the bigger challenge.
When investigating a natural phenomenon, hypotheses are often addressing one tractable subproblem of a larger overall problem or research question.
When building a company, software product, or creative work, it is important to segment the goal into tractable components to ease time and resource allocation."
,
#plausibility,"#plausibility
Evaluate whether hypotheses are based on plausible premises or assumptions.

Please fill out this Google Form to submit suggestions for this page (i.e. typos, study guide contributions, useful applications, etc.). We are actively seeking feedback on anything big or small to make the HC Handbook as useful as possible.
Defining the HC icon Defining the HC

Pitch
Be sure your assumptions are reasonable before proposing a hypothesis.

Paragraph Description
Scientific thinking requires the ability to identify well-constructed hypotheses. Such hypotheses rest on well-defended and internally consistent premises or assumptions and are consistent with well-established scientific results. One should learn to identify hypotheses that lack such solid foundations and recognize that they are implausible.

Categorization
Habit of Mind | Empirical Analyses | Thinking Creatively | Applying Research Methods

Cornerstone Introduction
Class: Empirical Analyses | Semester One

Unit: Scientific Method

Big Question: How do we mitigate human-caused climate change?


General Example
A norovirus has infected many students in the residence hall. Symptoms include vomiting, diarrhea, and low-grade fever. You begin to feel nauseous and feverish. A friend says that he had the norovirus for a few days, but started taking an antibiotic that he had leftover from a previous illness and he hypothesizes that the antibiotic helped him overcome the norovirus. He tells you to go get some. In your feverish state you think about this hypothesis, but decide to disregard his advice because it is based on an implausible assumption that antibiotics can kill viruses. You consider that in some cases viruses act in symbiosis with bacteria, and further that a virus-weakened immune system could in theory be subject to opportunistic bacterial infections that could be causing your illness. Nonetheless, you recognize that these possibilities lack in parsimony, and that you lack the hallmarks of bacterial infection like production of pus and inflammation. Finally, you conclude that it is more plausible that your friend recovered because norovirus illness typically resolves in a few days.

Footnote: The friend's hypothesis is evaluated against the existing body of knowledge on viruses and antibiotics. The conclusion that the antibiotics helped overcome the norovirus is rejected due to its incompatibility with the established irrelevance of antibiotics to viruses, and the lack of parsimony in alternative explanations, making the claim implausible.

Is it this HC icon Is it this HC?
Is #plausibility the right HC? If the answer to the following questions is yes, #plausibility could be useful:

Are you identifying the underlying assumptions of a hypothesis?
Are you evaluating the assumptions of a hypothesis?
Depending on the work product, there might be other HCs to consider:


The following HC might apply if the work:
#dataviz	
Generates data visualizations to show data patterns, which can be used to justify assumptions.
#testability	
Evaluates a hypothesis using testable predictions, instead of assumptions. This HC is typically used along with #plausibility to evaluate hypotheses.
#hypothesisdevelopment	
Formulates a hypothesis using evidence (e.g., extending previous studies). This HC often contains the hypothesis that is evaluated with #plausibility.
#evidencebased	
Integrates evidence from previous studies, and/or uses existing data to justify an assumption.
Self Study icon Self Study
Try answering the questions on your own before checking the example answers.

What is an assumption?
How can we justify assumptions?
How many assumptions are considered “enough”?
Applying the HC icon Applying the HC

Guided Reflection
Does your hypothesis fit within previously established knowledge (i.e., is it consistent with how the world works)?
Have you identified all the key assumptions for a hypothesis?
Have you linked the relevance of the assumptions to your hypothesis (why are they important)?
Have you justified the strength of your assumptions (how likely are they true)?
Is there evidence to support your assumptions?
Common Pitfalls
The application claims a hypothesis “makes sense” without considering the underlying assumptions.
The assumptions are not specific enough or not connected to the hypothesis.
The application only considers one assumption, or misses a fundamental assumption.
The application identifies relevant assumptions but does not present evidence to support them.
The hypothesis is clearly implausible/out of alignment with prior knowledge.
The application is too narrow in strictly requiring all assumptions to be true with 100% certainty, when in reality, the assumptions only have to be likely to be true and reasonably supported by existing evidence.
Applying the HC at Minerva
Creating research proposals is a common type of assignment for natural sciences. On top of developing a hypothesis, you must explain its relevance: how it fits within and extends our current understanding of the world. Assumptions draw knowledge from previous studies, making the hypothesis more plausible.
This HC may also be used in business contexts. Organizations may need to evaluate how “plausibe” it is to implement a new strategy. For example, when launching a new product, the assumption is that the market demonstrates a need for the product. The forecasted effectiveness of the strategy may be evaluated using case studies of other organizations or existing research studies on similar strategies.
Applying the HC Outside of Minerva
When we engage in daily-life conversations, we often evaluate the plausibility of other people’s arguments. For example, someone may hypothesize “implementing the new ‘7-regular-extensions-only’ policy will increase students’ productivity because it gives students more flexibility to account for unforeseen events (e.g., regular illnesses).” The assumption is that students will use the regular extensions sparingly and efficiently, which may be implausible, making the hypothesis weak. The hypothesis and the associated assumption can be evaluated after collecting data from students for one semester."
,
#designthinking,"#designthinking
Apply design research processes and iterative design thinking to conceive and refine products or solutions.

Please fill out this Google Form to submit suggestions for this page (i.e. typos, study guide contributions, useful applications, etc.). We are actively seeking feedback on anything big or small to make the HC Handbook as useful as possible.
Defining the HC icon Defining the HC

Pitch
All the magic that happens between coming up with an idea and making it a reality.

Paragraph Description
Design thinking with a human-centered focus entails using the tools of design to respond to problems within particular social conditions and circumstances. This process typically consists of: research on your users and their circumstances, ideation that incorporates your design research in experimental ways, rapid prototyping and modeling to solve particular problem areas with your design, and continuous feedback from users during this process that results in further iteration. Through this process, design ideas become more and more refined and responsive to users' needs, giving one’s efforts greater reach and impact.

Categorization
Habit of Mind | Multimodal Communications | Thinking Creatively | Solving Problems

Cornerstone Introduction
Class: Multimodal Communications | Semester Two

Unit: Design As Process

Big Question: How might design help us communicate more effectively?


General Example
You are tasked with informing county residents regarding the newly opened multi-purpose park. You’ve learned that design thinking involves first empathizing with your users, defining the problem, ideating possible solutions, prototyping some of them, and testing the results—and then iterating until a satisfactory solution is achieved. With this process in mind, you first hold a set of interviews in your local cultural center to understand what types of advertisement most attract residents. You design a poster to announce a concert in the center based on your user research. You show it to a few friends whom you consider as representative of the audience, who tell you that the poster looks too cluttered, so you simplify it. You then notice that the colors clash, so you change one of the background colors. You print one real-sized copy to test the poster in its intended setting and find that the color change made the lettering fade into the background, so you then adjust the size of the font. The final result is much better than what you had initially.

Footnote: An iterative design thinking process, including devising various versions, employing feedback from the intended audience and testing the product under various conditions, contribute to a more effective, fine-tuned final product.

Is it this HC icon Is it this HC?
Is #designthinking the right HC? If the answer to the following questions is yes, #designthinking could be useful:

Are you creating a work product for a human audience?
Are you trying to bring an idea to life?
Are you documenting your creative process?
However, depending on the focus of your work, there might be other applicable HCs to consider. Consult the following table listing possible related HCs.


The following HC might apply if the work:
#audience	
apply principles of perception and cognition in oral and multimedia presentations and in design.
#organization	
builds the structure and flow of an argument which includes outlining, writing, and reverse outlining.
#communicationdesign	
tailors visual communication so it is best understood by the audience.
#medium	
analyzes and utilizes elements of a single medium at the level of form and structure.
#multimedia	
analyzes how multiple mediums work together or conflict with each other to create a work of multimedia, with a result that is different from the sum of the contributions of each individual medium.
#optimization	
the process of identifying local and global optima and applying an appropriate optimization technique until the optimal solution is achieved.
#breakitdown, #rightproblem, #gapanalysis	
these HCs typically work to understand the underlying rules or mechanisms of a problem, and the process tends to be structured and analytical. However, #designthinking typically focuses on solving a problem, and the process tends to be less defined and require more creativity.
Self Study icon Self Study
Try answering the questions on your own before checking the example answers.

What is the discovery phase of the design process?
 What are the four main steps in the discovery phase of the design process?
What is the design phase of the design process?
What are the three main steps in the design phase of the design process?
What is the difference between the scientific method and the design method?
What is the “define” step in design thinking, and how does it bridge the “empathize” phase with the subsequent stages of the design process?
Why is iteration such an important part of an effective design process?
Applying the HC icon Applying the HC

Guided Reflection
Have you received and used user-based feedback?
Have you identified improvements to your original design and acted on them?
Have you gathered multiple perspectives on optimizing your design?
Have you included documentation of your design process in your work?
Have you clearly explained how the design has shifted from one iteration to the next, for example by identifying how user feedback was incorporated or describing why certain changes were implemented?
Have you reflected on the value of your design process, indicating which phases of the process led to which key improvements and subsequent iterations?
Common Pitfalls
The application does not include documentation of the design process.
The application does not effectively respond to user-based feedback, leading to a work product that does not reach the target audience.
The application is a first draft or otherwise has not been optimized.
The application shows no attempt at gathering multiple perspectives.
Applying the HC at Minerva
You will use #designthinking any time you are creating a work product meant for a human audience or solving an ill-defined problem.

Some examples of #designthinking applications are shown below:


You can use #designthinking when creating a slideshow for any audience. Start with defining your audience and their preferences through research and brainstorming. Then you can start getting feedback from your intended audience on your first prototype. Perhaps the feedback informs you that the colors clash, the font does not fit the theme, and the visual does not add to the slide. Now you go back to the drawing board with these problems in mind, reworking your prototype, and then asking for user feedback on the refined design. This process should be iterative and focused on creating a human-based design.
In the Computational Sciences, you might develop some sort of program or app. If anyone other than you is ever going to use it, you need to think about the user experience, and #designthinking is the best way to approach this.
Applying the HC Outside of Minerva
Architects use #designthinking principles in their professional practice. In designing new buildings, they must clearly understand the surrounding area and the people who will be using the space. Once they know the preferences and needs of the building’s audience and the space constraints, they can think of creative and aesthetic ways to meet those needs. They can program a virtual prototype of the building and ask for user feedback on the design. Once main problems are identified, they can create multiple alternative solutions, and again ask for feedback. This human-centered design ensured the architecture is connected to the user's needs, not just the architect’s preferences.
"
,
#systemmapping,"#systemmapping
Guided by an explanatory challenge, develop simplified representations of complex systems by conceptualizing their components and relating them to one another.

Please fill out this Google Form to submit suggestions for this page (i.e. typos, study guide contributions, useful applications, etc.). We are actively seeking feedback on anything big or small to make the HC Handbook as useful as possible.
Defining the HC icon Defining the HC

Pitch
A system might seem vast, too complex, and too dynamic to analyze and fully understand. But as with any unexplored territory, the right map can show us the way to our final destination.

Paragraph Description
According to Plato, there is no obvious way to “carve nature at its joints.” When mapping complex systems, we make choices about how to represent reality. Just like a mapmaker chooses to represent geographical reality by highlighting rivers, valleys, or national borders rather than religious borders, the way we dissect systems depends on, and should be guided by, our purpose. In empirical research, our purpose is addressing the “explanatory challenge.” Complex systems can be deconstructed in a variety of ways that define both the scope of the system and the relevant attributes of its components (in social systems, most commonly, people). Thus, the key part of deconstructing a system is conceptualizing its constituent parts in several ways in order to choose or synthesize the “mapping” of the system that is most appropriate for addressing the explanatory challenge. For example, in analyzing a football team one might think of players in terms of their position on the field, their running speed, or their personality types. Depending on the question at hand, one may or may not include the players’ personal trainers, the team’s management, or even the fans. One specific application of this concept is considering organizational structure: there are various ways in which the same group of people and functions may be related to one another, such as a strict hierarchy, a matrix, or a flat structure.

Categorization
Habit of Mind | Complex Systems | Interacting Effectively | Interacting with complex systems

Cornerstone Introduction
Class: Complex Systems | Semester One

Unit: Characteristics of Complex Systems

Big Question: How should the world be governed?


General Example
You work at a hospital that’s trying to reduce spending. Your manager asks you to make a diagram showing the structure of the organization to identify inefficiencies. You are contemplating how to create this diagram. You first choose to represent the organization by separating it into different departments because the employees within each work together closely, and therefore are expected to share some norms and views about the organizations. While this decomposition reveals the dynamics of interactions between large groups such as the lack of communication between the medical staff in different departments or between the medical and cleaning staff, there are no obvious inefficiencies. You then decide to deconstruct the system by focusing on the roles of individuals and find that each department has its own educational campaigning function and that there is little communication between those working on educational campaigns in different departments. It turns out that there is a large amount of money being spent on educational campaigns overall. This was not obvious when the system was deconstructed by department because education campaigns are funded by each department separately, at relatively low cost. You advise making educational campaigns a central process, consolidating common costs and being able to prioritize what should be budgeted.

Footnote: The explanatory challenge was identified: reduce spending. To understand the problem and find possible solutions, the system was deconstructed in several ways and the chosen deconstruction is the one that addresses the explanatory challenge. In this case, deconstructing by function allowed us to identify something that was replicated in each department, and thus driving an overall inefficiency in the system.

Is it this HC icon Is it this HC?
Is #systemmapping the right HC? If the answer to the following questions is yes, #systemmapping could be useful:

Have you considered multiple grouping for the agents or components and explained which decomposition is best suited to answer your problem?
Do the distinct properties of the agents/components matter for your explanatory challenge?
Are you comparing different ways to decompose agents/components that operate on the same scale?
Are you deconstructing the system into functional units and exploring the idea of interactions among the different components to explain the overall behavior or outcomes? 
Depending on the work product, there might be other HCs to consider. Not all deconstructions are system mapping.


The following HC might apply if the work:
#networks	
Focuses on the connections between agents, rather than the differences among agents.
Identifies, describes, or evaluates the connective structure of nodes in a system and uses this to address the explanatory challenge.
#emergentproperties	
Describes the collective influence of agents/components, for which a system mapping might be useful.
#levelsofanalysis	
Focuses on the unique benefits of shifting perspectives between levels of analysis, zooming in or out to provide new or unique insights whereas #systemmapping is more general about conceptualizing and deconstructing a system.
#breakitdown	
Deconstructs a problem into subproblems.
Identifies tractable sub-problems that can be explored in isolation, then reassembled into a solution.
Self Study icon Self Study
Try answering the questions on your own before checking the example answers.

What questions can you ask yourself when considering multiple system deconstructions?
Familiarizing yourself with organizational design may inform you on the interactions and impact of individual agents. What are some of the common approaches of organizational design? List at least 3. Refer to the “Organizational Structure in Complex Systems” (see Key Resources section) guide for relevant information.
What are the main requirements for a strong application of #systemmapping?
Imagine that you want to create a system map of a school to analyze why students in their sophomore year put more hours on average into their daily studies than do students in their senior year. Would the principal of the school be a relevant component to your system? Why or why not? List a few arguments and compare them to the answer key.
Identify what the student did incorrectly in his analysis of the following case-study.
Case study: A business student wants to analyze an IT company’s marketing division to understand why a significant percentage of employees quit between their 12-th and 18-th month. They include the following agents in their map: the team manager, the marketing branch manager, the CEO, major clients of the company, and the law interns. The student draws the map with a one word explanation above each connection between the agents and writes the following sentence: “Based on the increased working pressure, which is not justified by a reasonable increase in pay, and the worsened work conditions marketing employees between their 12th and 18th month on the job are most susceptible to quitting.”

Applying the HC icon Applying the HC

Guided Reflection
Have you clearly articulated an explanatory challenge?
Have you deconstructed the system into plausible components? Did you include all agents or components that might be relevant to your explanatory challenge?
Have you made a visual map of the system, does it help you understand it holistically?
Have you ensured and explained how the deconstruction is useful to address the explanatory challenge?
Have you explained how the deconstruction offers insights about the system’s behavior?
Have you provided a clear and reasonable justification for all the agents you chose and the way you grouped them?
Have you outlined the role and impact that each agent plays in the system?
Have you considered alternative deconstructions, justified why your deconstruction is better than alternative approaches, and stated why other approaches are inappropriate?
Common Pitfalls
The application does not include a crisp definition of the system to be mapped.
The application’s explanatory challenge is unclear and/or unstated.
The application does not consider all relevant agents.
The application does not explain the relevance of the system deconstruction.
The application does not provide sufficient detail for each agent/component or omits a part relevant to the subsequent analysis that is not intuitive.
The application does not justify the effectiveness of the decomposition by comparing it to alternative approaches.
The application uses system mapping for purposes more relevant to other HCs, like #breakitdown, #networks, and #emergentproperties (refer to section 'Is it this HC?').
Applying the HC at Minerva
This HC is ubiquitously applicable across many fields. Consider these general use-cases:

You can compare different types of system deconstructions that are common in the relevant discipline, or the different types of organizational structures that are applied to a system.
You can suggest a new type of deconstruction and compare it with existing ones. You can also combine from common deconstructions in an original way to map the system based on evaluated strengths and weaknesses.
It works especially well if the different components of the system are complex themselves, or have many possible characteristics to highlight (humans, or departments are a great example), but it can also work in natural sciences, for example grouping species in an ecosystem by their niche or ecosystem service.
Here are some brief examples:

This HC is relevant in Business classes when analyzing the organization of a company guided by a specific question (e.g. a case study). You should definitely take a look at the different organizational structures discussed in the Minerva guide, “Organizational Structure in Complex Systems” (listed in the key resources below).
This HC can be particularly useful in the Political Science track when tackling case studies. It can be helpful in deconstructing the structure of a particular sector of the economy (e.g., the civil sector) or of a bureaucracy, where the agent of interest operates. 
There are several use cases throughout the natural sciences. 
In the physical sciences, when analyzing the motion of multi-component systems, we need to identify the system of interest and the external forces acting on it. The choice of decomposition and systems of interest will depend on which forces or interactions are being examined. Identifying all forces on a particular system of interest is crucial for an accurate model. 
In natural sciences, when analyzing biological or ecological systems. For example, we could map the species of an ecosystem in various ways, grouping them by trophic level, size, or taxonomic group, depending on the explanatory challenge. The same goes for the internal organs of an animal, or parts of a cell or biochemical mechanism. In these fields, try to think of the different existing ways that scientists break down these systems and think whether they suit your problem, or if you need to look beyond and become creative! 
Here are some more elaborate examples:

SS / Research Papers for Cognitive Sciences
AH / Research Papers for Literature
IL / Preparing for Civitas
Business

Applying the HC Outside of Minerva
#systemmapping is a useful to to break down large systems with interactions that you will come across in daily and professional life, in hobbies and in society. Some examples are:

Policy:How does mapping the economic structure of a city help us track the flow of money?
Biology: How do biotic and abiotic factors affect population growth within a community of animal and plant species?
Reading: How does mapping the vibrant world created in a book or movie help us understand the motives of its characters and analyze the hidden ideas in the artwork?
Whether it is the economic structure of a city and we are trying to track the flow of money; the biotic and abiotic factors that affect population growth with a community of animal and plant species; or the vibrant world created in a book or movie that we are trying to untangle to understand the motives of its characters and analyze the hidden ideas in the artwork. 

Here’s one specific example:

Let’s assume you aim to reduce your spending. You’ve realized that people you follow on Instagram have an effect on your spending habits. You ask yourself, “Which people can I mute to reduce how much I spend eating out?” You consider two alternatives:

A: Grouping users by how frequently they post about eating out.
B: Grouping users by how often you see their posts.

Choice A helps you identify the source of the eating out craze. Even though you might not look at some user’s posts, people whom you follow might look at their posts. This decomposition helps you understand why posting about eating out has evolved the way it has. 
Choice B might give you less perspective about eating out posts and more perspective on how different users affect your behavior. Even though a user never posts about eating out, how is their content affecting your mood, and ultimately, causing you to spend money on eating out?
Choice A is interesting: you can analyze the factors shaping how eating out is portrayed on social media. But you select Choice B because it is more conducive to reducing your spending habit by paying attention to whom you follow on social media.
Here is another example:

This example stems from an M25 summer science research project that studied a new porous fence model being set up in a wildlife reserve in Kenya. The fence was intended to allow all animals to cross except rhinos, which were supposed to be enclosed by it. It was important to understand the animals’ reactions to the fence, for which they were scored through camera trap footage. With this information, a framework was created to understand how the fence would affect different animals, based on specific intrinsic and extrinsic factors.
Extrinsic factors (e.g. fence permeability, height, visibility) include the fence’s properties and design.
Intrinsic factors (e.g. habitat preferences, species-specific behavior) incorporate the species’ characteristics.
Intrinsic factors influence the way a species reacts to its environment, and in turn, how it reacts to extrinsic fence factors. 

This framework is of particular interest to reserve managers evaluating the erection of a fence based on factors such as the reserve's habitat, species distribution, and main species of concern. For example, extrinsic factors like fence length and placement can influence habitat that is accessible to animals. A fence that blocks a common migration route or is a hotspot for certain species will have more impact on the animals and ecosystem than one that doesn’t. The choice of placement might be a crossing often frequented by elephants. If the fence disables them from crossing, refraining these megaherbivores for grazing in diverse areas will have larger impacts on the ecosystem."
,
#optimization,"#optimization
Evaluate and apply optimization techniques appropriately.

Please fill out this Google Form to submit suggestions for this page (i.e. typos, study guide contributions, useful applications, etc.). We are actively seeking feedback on anything big or small to make the HC Handbook as useful as possible.
Defining the HC icon Defining the HC

Pitch
Always striving for the best, but first defining what “best” means.

Paragraph Description
The solutions to many problems rely on the concept of optimization. Formally, optimization is the process of determining the relevant local or global extrema within a set of solutions that satisfy the problem constraints. To clearly define an optimization problem, one must identify the quantity to be minimized or maximized and the variables that can be modified or changed in search of the optimal value(s). Once the problem is defined, an appropriate optimization process or technique that describes how to achieve the optimal solution must be chosen. Many common optimization techniques can be implemented algorithmically. It is important to define a process that will yield a feasible solution that can be reasonably implemented.

Categorization
Foundational Concept | Formal Analyses | Thinking Creatively | Solving Problems

Cornerstone Introduction
Class: Formal Analyses | Semester Two

Unit: Algorithms and Simulation

Big Question: How can we use machines to solve problems and make decisions?


General Example
As a college student on a limited budget, you want to create a list of core grocery items (milk, eggs, bread, etc.) that fulfills your daily recommended nutrition requirements. At first, it appears that you have multiple objectives to optimize, such as caloric count, protein quantity, cost, etc. Moreover, some of these objectives are in conflict with others (increasing caloric count may also increase your costs). After some deliberation, you identify cost as the objective function you wish to minimize, and frame all other values as constraints, in line with the USDA’s dietary recommendations for macro and micro nutrients for your demographic group (2800-3000 cal/day, 6-8 servings of grains, 3-5 servings of vegetables, 800mg calcium, etc.). With your constraints and objective function identified, you clearly articulate your decision variable: for each item at the store, what quantity of each should be on your list? Now that your optimization problem is well formulated, you identify a computational approach to solve the problem. Given the large search space, you settle on using a genetic algorithm, which is efficient but only produces a locally optimal (and not necessarily a globally optimal) solution. You accept this limitation, noting that you only want a grocery list that is “good enough” in terms of cost efficiency. You then follow the processes required to apply this specific algorithm (setting up a library of candidate solutions and defining a way for solutions to “recombine” and “mutate” to create new proposed solutions). You also modify the algorithm to be context-appropriate by ensuring that your custom mutation and recombination operators obey the constraints. The output produced by your algorithm is a list of items, and how many of each to purchase, to get the maximum value for your money while still being adequately nutritious.

Footnote: An optimization problem is identified and explained, including the quantity to be optimized (cost), the variables that can be altered (the quantity of each item to purchase), and the fixed constraints (e.g., calorie count). A genetic algorithm is applied to solve the problem, justifying this choice of technique. An acceptable solution is found even though it may not necessarily be the global optimum.

Is it this HC icon Is it this HC?
Is #optimization the right HC? If the answer to the following questions is yes, #optimization could be useful:

Is there a notion of “optimal” or “best” in the context of your work?
Are you trying to find an optimal solution to a problem?
Is defining the task at hand as an optimization problem productive and relevant for your work?
Are you implementing and evaluating a technique to solve an optimization problem?
Are you comparing and contrasting different techniques to solve an optimization problem?
However, depending on the focus of the work, there might be other applicable HCs to consider. Consult the following table listing possible related HCs.


The following HC might apply if the work:
#algorithms	
Applies or analyzes a systematic step-by-step process to solve a problem, which can include optimization problems. There are several types of optimization techniques that can be implemented algorithmically.
#variables	
Identifies, describes, and classifies variables that are relevant to the problem or system under study; doing so is crucial for effectively defining optimization problems. One must be able to identify the quantity to be maximized or minimized, the factors that can change in pursuit of the optimum, and the factors that cannot change. Describing and classifying these quantities and factors relies on the principles of #variables.
#utility	
Applies utilities and utility functions to represent preferences and analyze decision-making scenarios. The principles of #optimization can be helpful in decision-making contexts since we can frame them as optimization problems: rational decision-makers will make the choice that maximizes their expected utility.
#breakitdown	
Focuses on how to solve a problem by deconstructing it into tractable well-defined sub-problems. Optimization techniques, such as divide and conquer, may involve breaking down problems and solving the sub-problems before assembling them to find the final optimal solution.
#rightproblem	
Focuses on characterizing key aspects of a problem, including its initial state, goal state, obstacles, and scale. Characterizing an optimization problem requires further specifications, including identifying the objective function, decision variables, and constraints.
#constraints	
Focuses on identifying constraints and obstacles of a problem to place boundaries on what is possible, and uses constraint satisfaction to solve a problem. Identifying constraints is an important part of defining and solving optimization problems.
#heuristics	
Evaluates or applies simple rules to make decisions or solve problems. This includes using heuristics to solve optimization problems. Some optimization techniques, especially greedy approaches, are comprised of heuristics.
Self Study icon Self Study
Try answering the questions on your own before checking the example answers.

What components are required to define an optimization problem? Describe each of the components.
What is the difference between a local (relative) optimum and a global (absolute) optimum?
Is it always necessary to find the global optimum? Why or why not?
For each of the following common optimization techniques, briefly explain how it works and give an example of where it could be used in real life: Brute-force, Greedy algorithm, Hill climber, Divide and conquer
 What is overfitting and why is it important in optimization problems?
Consider some of the day-to-day challenges you face, such as planning your meals, preparing for class, cleaning your room, navigating back to res, and loading the dishwasher. Pick one that resonates with you and represent it formally as an optimization problem. Then consider what it would mean to take a “brute-force” approach to solve the problem. What about a “greedy” approach?
Consider some of the problems encountered in the computation sciences. For example, finding the regression line for a bivariate dataset, finding the best classification model, or sorting a list of numbers as efficiently as possible. Pick one that resonates with you and represent it formally as an optimization problem. Then describe one technique that can be used to solve it.
For more practice with this HC, refer to the exercises suggested in the Formal Analyses study guides. See the key resources for sources of practice questions.

Applying the HC icon Applying the HC

Guided Reflection
Have you clearly defined the optimization problem with a sufficiently detailed explanation for each component of the problem (i.e., objective function, decision variables, constraints)?
Have you ensured that your objective function is a specific quantity that can be measured, and sufficiently described how this quantity would be measured and represented?
Have you considered practical/real-world decision variables and/or constraints that are pertinent to your optimization problem?
Have you justified why defining the task at hand as an optimization problem was relevant to your purpose? What insights did it offer and how did you use it productively?
Have you chosen an appropriate technique to solve the optimization problem and effectively justified the choice?
Have you described an optimization technique in sufficient detail, possibly by outlining its main steps?
Have you effectively explained whether or not an optimization technique is expected to find the global optimum?
Have you effectively compared and contrasted different optimization techniques for the problem at hand?
Have you implemented an optimization technique (e.g., in code) with sufficient explanation to justify the implementation?
Have you interpreted the results of applying an optimization technique to solve a problem in a way that’s relevant to the purpose of the work?
Have you considered whether it’s important to find the global optimum in the context of your work?
Common Pitfalls
The application cites #optimization in a colloquial manner without attempting to formalize the situation by identifying what exactly is being optimized and how.
The application misses key parts that are needed to comprehensively define the optimization problem.
The objective function is not specified in sufficient detail, possibly as a result of trying to optimize multiple quantities, neglecting to identify its dimensions, or insufficiently explaining how it would be measured.
The definition of the optimization problem misses relevant decision variables or constraints.
The application does not sufficiently explain an optimization technique, perhaps missing its pros and cons, failing to outline its main steps, or neglecting to interpret its results.
The application does not mention whether an optimization technique finds the global optimum, or does not sufficiently justify how.
Justification for why the application of #optimization is relevant for the purpose of the work is missing.
Applying the HC at Minerva
This HC may arise in business applications when you’re considering how to streamline operational processes. For example, you may identify that the current operational costs are too costly, and decide to minimize the objective function of operational costs. Decision variables may involve factors like packaging methods (e.g. using automation or using human labor) or labor costs. There may be numerous constraints, one of which could be the need to fulfill current customer orders even after optimizing.
Optimization is likely to arise in mathematical contexts, especially calculus. Representing the objective function (the quantity to be maximized or minimized) of an optimization problem as a mathematical equation allows us to use analytical and algebraic tools, such as differentiation, to characterize the extrema of the function. Specifically, for continuous functions, one can determine all of its global and local extrema by finding the points at which its derivative is equal to zero. In this way, calculus tools offer an efficient way to solve optimization problems! However, not all mathematical functions are differentiable, and not all objective functions can even be easily represented by analytic expressions. In these cases, more sophisticated optimization techniques are required. Indeed, Minerva has an entire concentration course dedicated to advanced optimization methods!
Optimization is key to machine learning, so it’s likely to come up in computational science classes. For example, to classify data, a learning algorithm is used to adjust the classification model's parameters (weights and biases) to produce the most accurate classification. The “most accurate” or “best” classification model can be measured using a few different quantities, such as the proportion of correctly classified data points. Other common metrics are described in this blog post by Bajaj (2021). It’s important to identify and understand this objective value as well as the decision variables and constraints for the task at hand, in order to choose an appropriate classification model, implement an effective learning algorithm, and produce the most accurate classification.

The concept of optimization is relevant in the natural sciences. Nature tries to optimize its performance in numerous ways! For instance, in physics, one can characterize the behavior of physical systems based on their tendency to minimize their energy and maximize their entropy. In particular, the “Principle of Least Action” is one way to formulate the behavior of a mechanical system by stating that its motion will always minimize the “action,” which is typically a function of its kinetic and potential energies. So, of all possible trajectories, a particle will follow the trajectory that minimizes its energy. It’s interesting to adopt the perspective that nature is somehow optimizing its motion! Similarly, the Second Law of Thermodynamics is another way to describe the behavior of physical systems in terms of an optimization problem, stating that systems evolve to maximize the total entropy (a measure of disorder).

Applying the HC Outside of Minerva
We’re almost always trying to optimize something in our day-to-day life. Generally speaking, we want maximum quality yet minimal effort, cost, and time. Consider these specific daily life examples:
Deciding on the best sandwich to eat. The definition of “best” (the “objective function”) might vary from person to person. Perhaps you want the most delicious sandwich as measured by your tastebuds or one that maximizes some nutrition metric. The aspects of the sandwich that you can adjust (the “decision variables”) are the types of bread, fillings, spreads, and other ingredients. You might be working under certain constraints, such as limited amounts of ingredients, a budget, or an upper bound on portion size. Once the problem of creating the “best” sandwich is defined, you can start thinking of ways to solve it. A brute-force approach would require trying all possible combinations of bread and fillings and choosing the most delicious. This is different from a ""greedy"" approach that uses a heuristic to make the best sandwich (e.g., always pick the grainiest bread, whatever cheese is going to expire first, and one savory condiment).
Relatedly, one can also consider optimizing your entire nutrition intake. Check out the general example for this HC above.
Picking up groceries. Have you ever thought about the order in which you navigate the grocery store? You probably want to be as efficient as possible, meaning that you complete your shopping in the least amount of time. With “time” as the “objective function” that you want to minimize, you can adjust the order in which you pick up items in the store. For example, you could get the bananas first, then the milk, then the bread, or the other way around. Regardless of the order, you must use your grocery list as a constraint in the sense that you need to purchase all items on your list. There could be other constraints too. For example, if you know the milk is too heavy to carry while walking around the store, you might need to pick up that item last. 
Organizing your schedule. Fitting a variety of tasks into your schedule is a challenge. When organizing schedules, you likely work under certain constraints (events or tasks that cannot be adjusted) but have a number of “decision variables,” such as when to study, how long to sleep in, when/where/how to exercise, whether or not to partake in city experiences, etc. Picking one “objective function” in this context is not straightforward. It’s likely not as simple as striving to maximize the number of different experiences you do or maximizing your free time. Nonetheless, by thinking through the factors that matter to you, the constraints you must adhere to, and the elements under your control to change, you can approach your scheduling more systematically. When trying to optimize it further, you could adopt a “hill climber” approach by making small changes and seeing if they lead to an improvement. If they do, adopt them and continue. If they don’t, revert the change and try something else. 
Purchasing flight tickets. Read the first few pages of the Optimization Cornerstone guide. 
Businesses and companies are usually trying to solve optimization problems. Here are some specific examples:
Traveling salesman problems, in which one aims to minimize the length of a route connecting multiple specified nodes, are common in many domains such as package delivery, GPS navigation, school bus routes, meal service delivery, drone flight mapping, and circuit board planning. In all of these domains, one can adjust the order in which the nodes are “visited” but the constraints can vary between different contexts.
Just-in-time supply chains are commonly used to move materials right before they are needed in an effort to minimize the amount of inventory. Multiple other objectives are relevant in this context, such as costs, waste, product defects, processing time, waiting time, customer satisfaction, and employee satisfaction."
,
#cs162 - webstandard,"#cs162-webstandards (please aim for a description of a 4)
Build systems that correctly use the standard web technologies (e.g. http, html) 0
No measurable evidence of the learning outcome is presented. The work is missing or was not attempted.
1
Minimal understanding of the learning outcome is demonstrated. The work somewhat engages with the prompt requirements, but is largely incomplete, contains a substantial flaw or omission, or has too many issues to justify correcting each one. Below passable work.
2
Passable but partial understanding of the learning outcome is demonstrated, but there are noticeable gaps, errors, or flaws that limit the application scope and depth. The work needs further review or considerable improvement before meeting expectations.
3
Understanding of the learning outcome is evident. Additional effort spent on revisions or expansions could improve the quality of the work, but any gaps, errors, or flaws that remain are not critical to the application.
4
Understanding of the learning outcome is evident through clear, well-justified work at an appropriate level of depth. There are no remaining gaps, errors, or flaws relevant to the application. The work is strong enough to be used as an exemplar in the course.
5
Work uses the learning outcome in a productive and meaningful way that is relevant to the task and goes well beyond the stated and implied scope."
,
#cs162 - deployment,"Build a deployment process that can quickly scale to many machines if need be.  0
No measurable evidence of the learning outcome is presented. The work is missing or was not attempted.
1
Minimal understanding of the learning outcome is demonstrated. The work somewhat engages with the prompt requirements, but is largely incomplete, contains a substantial flaw or omission, or has too many issues to justify correcting each one. Below passable work.
2
Passable but partial understanding of the learning outcome is demonstrated, but there are noticeable gaps, errors, or flaws that limit the application scope and depth. The work needs further review or considerable improvement before meeting expectations.
3
Understanding of the learning outcome is evident. Additional effort spent on revisions or expansions could improve the quality of the work, but any gaps, errors, or flaws that remain are not critical to the application.
4
Understanding of the learning outcome is evident through clear, well-justified work at an appropriate level of depth. There are no remaining gaps, errors, or flaws relevant to the application. The work is strong enough to be used as an exemplar in the course.
5
Work uses the learning outcome in a productive and meaningful way that is relevant to the task and goes well beyond the stated and implied scope."
,
#cs162 - testing,"Write comprehensive and meaningful testing code for the system. 0
No measurable evidence of the learning outcome is presented. The work is missing or was not attempted.
1
Minimal understanding of the learning outcome is demonstrated. The work somewhat engages with the prompt requirements, but is largely incomplete, contains a substantial flaw or omission, or has too many issues to justify correcting each one. Below passable work.
2
Passable but partial understanding of the learning outcome is demonstrated, but there are noticeable gaps, errors, or flaws that limit the application scope and depth. The work needs further review or considerable improvement before meeting expectations.
3
Understanding of the learning outcome is evident. Additional effort spent on revisions or expansions could improve the quality of the work, but any gaps, errors, or flaws that remain are not critical to the application.
4
Understanding of the learning outcome is evident through clear, well-justified work at an appropriate level of depth. There are no remaining gaps, errors, or flaws relevant to the application. The work is strong enough to be used as an exemplar in the course.
5
Work uses the learning outcome in a productive and meaningful way that is relevant to the task and goes well beyond the stated and implied scope."
,
#cs162-separationofconcerns,"Design systems such that any task is handled by exactly one component and each component handles conceptually similar tasks. 0
No measurable evidence of the learning outcome is presented. The work is missing or was not attempted.
1
Minimal understanding of the learning outcome is demonstrated. The work somewhat engages with the prompt requirements, but is largely incomplete, contains a substantial flaw or omission, or has too many issues to justify correcting each one. Below passable work.
2
Passable but partial understanding of the learning outcome is demonstrated, but there are noticeable gaps, errors, or flaws that limit the application scope and depth. The work needs further review or considerable improvement before meeting expectations.
3
Understanding of the learning outcome is evident. Additional effort spent on revisions or expansions could improve the quality of the work, but any gaps, errors, or flaws that remain are not critical to the application.
4
Understanding of the learning outcome is evident through clear, well-justified work at an appropriate level of depth. There are no remaining gaps, errors, or flaws relevant to the application. The work is strong enough to be used as an exemplar in the course.
5
Work uses the learning outcome in a productive and meaningful way that is relevant to the task and goes well beyond the stated and implied scope."
,
#cs162 - sql,"Write fast queries for well-designed SQL tables. 0
No measurable evidence of the learning outcome is presented. The work is missing or was not attempted.
1
Minimal understanding of the learning outcome is demonstrated. The work somewhat engages with the prompt requirements, but is largely incomplete, contains a substantial flaw or omission, or has too many issues to justify correcting each one. Below passable work.
2
Passable but partial understanding of the learning outcome is demonstrated, but there are noticeable gaps, errors, or flaws that limit the application scope and depth. The work needs further review or considerable improvement before meeting expectations.
3
Understanding of the learning outcome is evident. Additional effort spent on revisions or expansions could improve the quality of the work, but any gaps, errors, or flaws that remain are not critical to the application.
4
Understanding of the learning outcome is evident through clear, well-justified work at an appropriate level of depth. There are no remaining gaps, errors, or flaws relevant to the application. The work is strong enough to be used as an exemplar in the course.
5
Work uses the learning outcome in a productive and meaningful way that is relevant to the task and goes well beyond the stated and implied scope."
,
#shapingbehavior (using this to address the carrots and sticks),"#shapingbehavior
Analyze how incentives, disincentives, and choice architecture influences the behavior of agents in a complex system and utilize them to interact effectively in social systems.

Please fill out this Google Form to submit suggestions for this page (i.e. typos, study guide contributions, useful applications, etc.). We are actively seeking feedback on anything big or small to make the HC Handbook as useful as possible.
Defining the HC icon Defining the HC

Pitch
Humans are pretty darn complex, but you can somewhat predictably influence them!

Paragraph Description
Incentives, disincentives, rewards, punishments, and choice architecture are tools for shaping behavior. We divide the tools for shaping behaviors into three categories, each with distinct strengths and weaknesses: (dis)incentives, reward/punishment, and choice architecture. 

Incentives and disincentives change agents’ behavior by altering the expected utility payoff of the choices they face. Thus, incentives and disincentives rely on the model of rational agents who aim to maximize their expected utility and operate as promises (of reward) and threats (of punishment), aiming to encourage or discourage a behavior before it takes place. (Dis)incentives are successful if they motivate agents to engage or avoid certain behaviors. 

In contrast, rewards and punishments are administered after an action. Rewards and punishments aim to teach agents what behaviors lead to better and worse results, and they are successful when agents are more likely to engage in the rewarded behavior and less likely to engage in a punished one. 

Choice architecture influences behavior by manipulating the way options are presented. It uses psychological influence that ‘nudges’ humans separately from their utility calculations without altering the available choices. Choice architecture has a measurable and reliable impact with a large enough sample size. Choice architecture works by affecting agents’ choices in ways that they are not typically aware of, and therefore it raises ethical concerns.


Categorization
Habit of Mind | Complex Systems | Interacting Effectively | Negotiating and Persuading

Cornerstone Introduction
Class: Complex Systems | Semester Two

Unit: Prudence and effective interaction

Big Question: How should power be used and distributed?


General Example
You work for a city government and are tasked with reducing cigarette smoking in the city. You decide you have three realistic #shapingbehavior options to alter smoking behavior. You could increase the city tax on cigarettes $1 which reduces the utility of purchasing cigarettes by forcing smokers to forego the utility they could gain by spending the dollar they lose to tax (a disincentive). Alternatively, you could run an informational ad campaign that educates the public on the dangers of secondhand smoke. You hope the campaign would result in smokers facing social pressure not to smoke after they light up and that the social pressure will slowly condition smokers to change their preference for smoking over time (a social punishment that discourages the behavior). And finally, you consider passing a law that forbids cigarette vendors from displaying cigarette packs behind registers. Note that this law does not limit the ability of customers to purchase cigarettes, but makes the presence of cigarettes less salient when customers are making a purchasing decision (choice architecture). Weighing the costs and benefits of each approach, and considering the constraint that you can only choose one, you decide the tax is the best choice.

Footnote: Three separate approaches that would plausibly alter behavior in the desired way are presented and the underlying mechanisms that explain how each approach might shape behavior are explained. After considering the context (and hopefully a review of relevant literature!) the most effective approach is chosen.

Is it this HC icon Is it this HC?
Is #shapingbehavior the right HC? If the answer to the following questions is yes, #shapingbehavior could be useful:

Are you employing or analyzing tools– such as punishments, reinforcements, (dis)incentives, or choice architecture – to influence some agent’s decision?
Are you explaining why a certain tool might or might not be effective, considering who is making the decision and in what context?
Are you defining and explaining the nature of a tool for behavioral change?
Depending on the work product, there might be other HCs to consider. ….


The following HC might apply if the work:
#utility	
Analyzes people’s preferences are formed or can be used to describe someone’s behavior. #shapingbehavior can modify the utility of different options, and nudges can change how someone views their own utility function.
#persuasion	
If you are trying to change someone’s behavior by altering their beliefs or perceptions, you are probably applying #persuasion. If you are affecting their behavior through external factors (like incentives) without changing their beliefs, you are probably applying #shapingbehavior.
#fallacies, #biasidentification, #biasmitigation	
Analyzes how biases or fallacies affect decision-making. Common fallacies or biases can be activated or suppressed to shape people’s behavior. When focusing on the details of a bias or fallacy, you should consider applying those HCs, but if your work stays focused on the decision-making context and purpose, you might just apply #shapingbehavior.
#gametheory	
Analyzes how agents might operate when their decisions affect each other’s expected outcome. Their actions can be seen as interacting (dis)incentives. An intervention in a game can also be an element of #shapingbehavior.
Self Study icon Self Study
Try answering the questions on your own before checking the example answers.

What sets choice architecture apart from other methods of influencing someone?
What is the difference between punishment, negative reinforcement, and a disincentive?
You want to encourage your kid to eat more vegetables, so you tell them clearly that they won’t get dessert if they don’t eat their vegetables. Still, your kid does not eat their vegetables, what might be causing your disincentive (and punishment) not to work?
Put the example of a nudge with the right term from the nudge toolkit from this table of examples.
Applying the HC icon Applying the HC

Guided Reflection
Have you explained which decision someone is presented with (and what decision they ideally make)?
Have you compared a suggested tool for shaping behavior to other tools or not employing it?
Have you justified how a tool for shaping behavior will be (most) effective in the context of the decision and decision-maker, for example by including evidence?
Have you defined what kind of tool you are using specifically (what kind of choice architecture, or whether a punishment/reinforcement is positive/negative)
Have you explained the consequences on a person’s decision-making process of a certain tool?
Have you considered whether the behavior shaping is done ethically or manipulatively, and how to make a behavior shaping tool more transparent?
Common Pitfalls
Not supporting a choice for a certain behavior-shaping tool sufficiently, for example because you’re employing a novel method without proper psychological analysis.
Not understanding what type of behavior-shaping tool you are employing, and thus missing the nuanced effect of that tool compared to other tools.
Employing a behavior-shaping tool in a manipulative way and not addressing this aspect (sufficiently).
Missing the effect of unique features of the agent that is influenced or the context in which they are.
Applying the HC at Minerva
You will find this HC useful in any college where you are suggesting ways to influence (groups of) humans or analyzing how they are influenced. Colleges where it might especially prove helpful are:

Business: When designing a product or service, you can think about ways to influence your target audience when they interact with it. First of all, it is good to explain why a certain tool for shaping behavior will increase success of your product, for example by including evidence of similar tools working or by backing it up with some psychological analysis. Secondly, the concept of libertarian paternalism – or the ethics of shaping behavior more generally – will help you address concerns of manipulation. Explain why the option you are hoping your audience to opt for is beneficial to them, and why you are still leaving them with a choice. Lastly, make sure to explain the influence of specific features of the audience and context on your chosen tools or make a roadmap for how you expect (different) consumers to respond to the tools you employ..

Incentive Structures (i.e. in Politics/History/Law): Institutions and organizations that (self-)govern people often create “incentive structures.” These are often in the forms of laws, rules, regulations, procedures, protocols. If you are investigating a (change in) incentive structures, try to identify which types of behavior the system tries to promote or discourage. Also think about the different people they have influence over and how different responses to incentive structures might prove challenging (#differences). For example, a government might try to enable and incentivize people to take public transportation for necessary things like their job or caring for their family. They decrease prices, but this might at the same time incentivize people to unnecessarily take public transportation too often. Great applications might compare different incentive structures and explain why certain ones work better in a given context, taking into account the place and capabilities of the institution, as well as the kinds of people they’re trying to influence and the way they would respond in a variety of ways.

Applying the HC Outside of Minerva
Raising kids (and other inter-family communication): There are many theories on how children should be raised. Forms of punishment that include violence are decreasing and research shows (unsurprisingly) that harsh and strict methods for raising children usually backfires or induces forms of trauma. “Gentle parenting” is an approach to parenting that emphasizes respect, empathy, and understanding in interactions with children. It seeks to create a nurturing and supportive environment that fosters the emotional, social, and cognitive development of children while maintaining their dignity and autonomy. Instead of relying on traditional disciplinary methods that might involve punishment or rewards, gentle parenting focuses on communication, cooperation, and problem-solving. With this method, incentives and disincentives are nuanced and focused on cultivating skills and adaptability in a kid, as well as allowing for natural consequences to teach children a lesson, instead of directly focusing on specific behaviors that you want to increase or decrease the frequency of."
,
#professionalism ,"Follow established guidelines to present yourself and your work products professionally. (Should include how I follow the APA style and citation and other formating tags) Defining the HC icon Defining the HC

Pitch
Have you decided intentionally, whether or not you will show up professionally?

Paragraph Description
Part of effective communication involves presenting yourself and your work in an appropriate and professional manner. To communicate effectively, consider the norms for presenting yourself to others, including tone, forms of address, and the use of slang or informal speech. Always proofread written work for errors, properly attribute quotations, ideas, data and other sources, and follow conventional practices regarding attribution and formatting for the type of communication you are crafting. Different academic disciplines have different formatting conventions, and it is important to use the expected standards. More broadly, ensure that your approach to communication, whether verbal or written, meets or surpasses the expectations relevant to the context.

Categorization
Habit of Mind | Multimodal Communications | Using Language

Cornerstone Introduction
Class: Multimodal Communications | Semester One

Unit: Close Reading

Big Question: How does language shape and represent reality?


General Example
Your new marketing firm has submitted a proposal to a chain of grocery stores that is seeking a fresh approach to its branding. Before you submitted your proposal, you asked several people to proofread it, verified design and font choices were kept consistent throughout, ensured figures and images were readable, formatted all titles and subtitles uniformly, and took great care that every aspect of it was presented according to the highest professional standards for your field. You made sure to properly attribute any information about behavioral economics research to the authors of the respective articles, using proper APA-style in-text citations and adding a bibliography. The grocery chain’s CEO later remarked that he was very impressed by the professionalism of your proposal, noting that it reflected well on your attention to detail, honesty, and interest in the project.

Footnote: Using colleagues to help detect mistakes that could be missed in one’s self-proofreading, reviewing all formatting and design choices that might have been changed throughout the writing process, and adhering to the field’s professional standards contributed to the overall assessment of the proposal. All non-original information was properly attributed to its original source in APA-style to abide by the conventions of the field.

Is it this HC icon Is it this HC?
Is #professionalism the right HC? If the answer to the following questions is yes, #professionalism could be useful:

Are you presenting your work or yourself in a professional context?
Are you considering the proper way to present yourself to others?
Have you noticed examples of implicit professional norms that you're using to inform your presentation of your work?
Consult the following table listing possible related HCs.


The following HC might apply if the work:
#expression	
evaluates and utilizes nonverbal communication.
#professionalism norms often inform what elements of #expression are most appropriate and effective.
#audience	
tailors work products to the intended audience, helpful to understand what #professionalism looks like to the audience.
#context	
situates a work in its appropriate context for analysis or argumentation.
#context often greatly informs #professionalism norms.
#sourcequality	
analyzes and vets sources to ensure quality and credibility standards are met.
#evidencebased	
analyzes and utilizes evidence to advance an argument.
#critique	
evaluates how social norms/dynamics influence established professional guidelines.
Self Study icon Self Study
Try answering the questions on your own before checking the example answers.

Is there one correct grammar and spelling convention to follow?
How do you know which citation style to follow?
What are some examples of different citation styles?
Which citation is which style?
How does one present themselves professionally?
Does this HC imply that one should always follow established guidelines for professionalism?
Applying the HC icon Applying the HC

Guided Reflection
Have you followed assignment instructions carefully and precisely?
Have you investigated what the style guide requires?
Have you explored field-specific norms regarding professionalism?
Are grammar and punctuation rules followed consistently?
Has your work been proofread and run through Grammarly for revisions?
Have you explained your non-obvious choices in presenting and tailoring your work to a specific field?
If you have broken professional norms, have you thoroughly explained why you made that choice and why it was effective?
Are you thoughtfully and appropriately presenting yourself as the creator of a work product?
Is your spelling consistent and correct?
Are all your sources cited in the appropriate format?
Common Pitfalls
The application fails to follow assignment instructions precisely.
The application does not have a consistent format.
No time was left for robust edits based on resources like Grammarly and peer review.
Field-specific professional norms were not investigated, or false assumptions were made based on other fields.
Inconsistencies appear in spelling, punctuation, or grammar.
Sources are cited inconsistently or improperly according to the field-specific norms.
The application neglects professional norms and fails to address why that choice was made.
The application fails to showcase and justify deliberate style and formatting choices.
Applying the HC at Minerva
When creating any work, this HC will help you think deliberately about the field-specific professional norms and help you decide whether or not you should follow those norms.

Some examples of applications include:

When writing a paper, it is essential to check assignment instructions carefully and format your paper by referring to a style guide that matches the instructions. Beyond this, you should also consider formatting, style, and conventions that you’ve observed in the context of other written work you’ve studied for that class. Each discipline has its own norms, and being attentive to them will help you tailor your work to the nuanced expectations of each professional environment. Deviations from formatting requirements should be discussed with your instructor and justified in the HC footnote.
When delivering a presentation, whether live or recorded, you should use #audience to help you research the professional expectations of your audience and then tailor things like your background, attire, props, use of slides, etc. to that professional environment. For assignments in which you are teaching a class, or a section of a class, pay close attention to lesson plan formatting guidelines.
Under this HC, Minerva students learn what being professional means for our context at Minerva. As you’ve seen in this handbook, this includes footnoting, following assignment instructions, citing sources appropriately, showing up to class ready to engage and participate, behaving according to certain guidelines, etc. These norms are important to set community expectations. However, if a particular instance arose where a student wanted to explain why they did not follow specific guidelines for an assignment, or behaved a certain way in class, and grounded it in ideas about different norms for the given audience, that would be a very welcome application!
Showcasing deliberate style and formatting choices makes for a good application of this HC. Here are some footnote snippets that demonstrate non-trivial thought toward presentation:
I opted for a narrower spacing than conventional APA to prevent the document from being too many pages long, and ensure that my figure/table titles and captions fit on the same page as the corresponding element. Plus, single-spacing is commonly used in other formatting conventions and usually followed in published technical research papers.
In my appendix, I used a Google Doc extension that makes code look more like it was written in a code editor. By using a monospace font with different colors for different syntaxes, like keywords, variables, and comments, I made the code more readable and reflective of the correct indentation.
I used a Latex compiler instead of a generic text editor like Google Docs to format equations professionally. This helped me better align expressions in multi-line calculations.
Applying the HC Outside of Minerva
We regularly apply #professionalism when we adapt to subtle and often unspoken norms about how we interact with others in varied professional contexts. When you attend an awards ceremony, how you dress and what kinds of things you say in acceptance speeches depends on the professional context you’re entering. If you’re attending the Grammys, professionalism may look like stepping out of your comfort zone with a bold and stylish outfit and graciously supporting Grammy winners whether or not you agree with their merit. However, professional norms could be quite the opposite in a political debate. Professionalism may look like blending in with a plain suit, but standing out by voicing your opposing views in heated debate.

Sometimes, professional groups take pride in avoiding traditional professional norms. For example, you will likely see people in highly casual clothes at an evolutionary biology conference. Casual dress is a field-specific norm of such conferences. If one did not research what is considered professional, they might show up in a conventionally formal suit and tie, making themselves look uneducated and unprepared. Therefore, researching field-specific norms and avoiding assumptions about professionalism is always recommended.

Professionalism is commonly perceived as the practice of exhibiting responsibility, integrity, accountability, and excellence within a professional setting. This encompasses the utilization of suitable language, tone, and attire, as well as presenting oneself and one's work in a competent and ethical manner. However, a critical examination of the established norms of professionalism is imperative. For example, if working with an American organization, it’s likely that norms are predominantly formulated by individuals steeped in Western culture, thereby reflecting a white, Western-centric worldview.

Without deliberate instruction and contemplation on the origins of these standards, following them may inadvertently perpetuate a Western-centric cultural and social code. In some cases, this could create an unsafe or discriminatory environment for certain individuals if not addressed. It is vital to acknowledge and appreciate the diverse professional customs across different cultures and foster an understanding that professionalism can embody a spectrum of behaviors and practices, mirroring the diversity of an organization’s individuals and their global cultures.

Van Halen and M&Ms: When Van Halen was touring, they were famous for the detailed contract they would sign with venues where they performed. One specific element of the contract was that their dressing room had to be furnished with a bowl of M&Ms, with all of the brown ones removed. If the venue did not comply with the request, they would forfeit their payment for the show. People typically interpreted this as a random prima-donna rock-star power move. However, they had a specific reason for including this requirement in their contracts.

Van Halen’s shows involved a lot of pyrotechnics and elaborate electrical equipment. Other parts of the contract included details about wiring and positioning of various equipment. It was critically important for all of those instructions to be precisely followed. The problem is, a lot of that stuff is hard to check. You would have to look very closely at every single wire to make sure it was the appropriate gauge. Whether or not there are brown M&Ms in the dressing room is not important at all, but it is easy to check. The bowl of M&Ms served as a proxy, telling the band whether or not the venue had read the contract carefully and taken it seriously. If there were M&Ms in the dressing room with the brown ones removed, they felt they could trust that the stage had been set up correctly. If not, they knew they should go out and double check everything before the show.

Spelling and grammar are the brown M&Ms of a scientific paper. Every paper makes claims about the procedures they followed – how they collected and analyzed the data. It is very difficult, often impossible, for the reader to verify those claims. When the authors say they put 10mL of solution into each tube, how do we know they did not put in 9 or 11? Did they really incubate the culture for 30 minutes at 25 degrees? Was their thermometer calibrated? Did they remove it exactly when they were supposed to? Or was it 32 minutes at 26 degrees?

We can not independently verify many of a paper’s claims. However, we can see whether or not they paid attention to details like punctuation and formatting. If your writing shows a high degree of attention to all of the fine details, the reader is more likely to believe that you applied that same level of attention to detail to the science itself."
,
#variables,"Identify and classify the relevant variables of a system, problem, or model.  Defining the HC icon Defining the HC

Pitch
Variables change. Before addressing how and why, we need to know what those variables are.

Paragraph Description
An important initial step in analyzing a problem, model, or system, is to evaluate the relevant variables: the features that can change. To do so, one must identify and classify the relevant variables, examine the relationships between them, and consider how they can be measured and manipulated. In the context of a study or experiment, this typically involves identifying which features play the role of independent variables, the hypothesized predictors, and which play the role of the dependent variable, the hypothesized response that results from changes in the independent variable(s). One may also need to identify confounding variables that could impact the relationship under study, and carefully consider how to mitigate their effects. Further, classifying the type of variables (for example, qualitative or quantitative) is essential as it will affect the type of statistical analyses that are appropriate. Representing a problem formally may also involve identifying the quantities that are constant (not varying), usually referred to as parameters. Parameters help to define the nature of the problem and can be treated as constraints on the solution.

Categorization
Habit of Mind | Formal Analyses | Thinking Critically | Analyzing Problems

Cornerstone Introduction
Class: Formal Analyses | Semester One

Unit: Problem Solving

Big Question: What does it mean to be random? How can data help us discover what is true?


General Example
You are working for the customer service department of a restaurant chain, and are interested in determining the degree to which server friendliness (the independent variable) can be used to predict tip percentage (the dependent variable). You hypothesize the following causal relationship between variables: you expect that friendly attendants will lead to satisfied customers, and that satisfied customers will provide a larger tip. This is supported by your previous research findings that people in a positive mood tend to be less stingy. You’re aware of several other extraneous variables that could affect tip percentages such as food quality, customer income, type of meal ordered, and time of day. This leads you to consider methods to diminish the effects of these variables on your results, attempting to control for them as much as possible. You also classify what type of variables these are, noting that server friendliness is usually ranked on an ordinal scale, which would change the type of statistical analyses performed on the collected data, leading you to suggest alternative ways to measure friendliness on the customer survey. Identifying and classifying these variables is your first step in formally representing the problem of interest which can now be further developed.

Footnote: As a first step for investigating the connection between service and tipping, the different variables are identified, classified, and the relationship between them is suggested. The variable types and roles inform the potential analysis that would be required and facilitates careful thought on the variables' measurement.

Is it this HC icon Is it this HC?
Is #variables the right HC? If the answer to the following questions is yes, #variables could be useful:
Does identifying, describing, and classifying the relevant variables provide crucial insights about the system or problem under consideration?
Does the work classify the variables accurately, distinguishing between different types and roles?
However, depending on the focus of the work, there might be other applicable HCs to consider. Other HCs may use #variables as part of their focus. Consult the following table listing possible related HCs.

The following HC might apply if the work:
#correlation	
investigates how two variables are associated and quantifies their relationship.
#modeling	
describes how variables and parameters comprise a model as a simplified representation of a system.
#dataviz	
considers how the variables are represented (qualitatively vs. quantitatively) to inform the visualization’s design choices. For example, bar graphs would be more appropriate than histograms to visualize qualitative variables.
#interviewsurvey	
uses consideration of variable types when crafting or interpreting interview or survey questions.
#hypothesisdevelopment	
develops a hypothesis that outlines and explains the relationship between independent variables and the dependent variable.
#algorithms, #regression, #significance, #complexcausality	
uses these HCs in conjunction with #variables for a richer application.
Self Study icon Self Study
Try answering the questions on your own before checking the example answers.

What is a variable?
What are the quantitative and qualitative variables and what is the difference between them? Give an example of each.
What is the difference between discrete and continuous variables? Give an example of each.
What are the different types of qualitative variables and what are the differences between them?
Define the following terms: Independent variables, dependent variables, confounding variables, and proxy variables.
What is the difference between confounding and extraneous variables?
What is the difference between variables and parameters?
What strategies can you use to reduce the effects of confounding variables?
What are the caveats to using ordinal qualitative variables in quantitative calculations?
How might the choice of data visualization depend on the type of variable?
How might consideration of variable types impact the type of mathematical or statistical analysis to apply?
How might consideration of variable types impact survey or interview design?
Beyond identifying whether a variable can have a decimal or not, what are more nuanced distinctions you could make between continuous and discrete variables?
Applying the HC icon Applying the HC

Guided Reflection
Have you accurately identified, classified, and described the variables and parameters of a system, model, or problem?
Have you provided sufficient detail to understand what the variables mean, including how they are measured, their dimension, and how they are reported (including units)?
Have you identified and justified the types of variables (e.g., qualitative vs quantitative, scalar vs vector) and explained the importance of these classifications in the given context?
Have you identified the roles that the variables play (independent vs dependent) in the given context, being sure that they connect appropriately to the overarching hypothesis, research question, or explanatory challenge?
Have you identified the connection between variables, such as how changes in the independent variable are associated with changes in the dependent variable?
Have you explained why examining the variable types and roles is important for the context under study? In particular, have you considered how the types and roles of the variables influence the choice of appropriate measurement technique or analysis, such as the mathematical/statistical analysis, data visualization, experimental setup, or survey/interview design?
Have you correctly distinguished variables from parameters in the context under study?
Have you identified any confounding or extraneous variables that could impact your results?
If so, have you classified and justified which variables are confounding and which ones are extraneous?
Have you explained the impact these variables have on the analyses?
Have you outlined whether it is possible to reduce the effects of any of these variables?
When using proxy variables in your study to test seemingly unobservable theoretical predictions, have you thoroughly justified the association between the proxy variable and the immeasurable variable of your interest?
Common Pitfalls
The application identifies 'factors' in a system but does not formalize the factors by specifying how these factors vary or change, how they can be measured, or how they are related to each other.
The application confuses ordinal variables (e.g., star ratings) with quantitative variables.
The application does not define the units of measurement clearly or does so inconsistently. For example, the application introduces a variable in kilograms and later references the variable in pounds.
The application does not accurately distinguish between variables and parameters.
The application does not provide sufficient consideration or justification for the type of variables.
The application does not sufficiently explain the context around the variable: how it was measured, how it should be interpreted, and what its units are.
The application assumes a cause-effect relationship between the dependent and independent variables, while in reality, the dependent variable may not be a direct effect of independent variables.
The application uses inappropriate statistical techniques for the given variables. For example, a student may use Pearson’s correlation for an ordinal variable, while Spearman’s correlation or rank-based correlation measures would be more suitable.
Applying the HC at Minerva
This HC is a useful first step in analyzing any problem, model, or system, so its applicability is far-reaching! As explained in the Minerva variables guide, one must have a solid foundation in #variables in order to correctly apply #hypothesisdevelopment, #modeling, #dataviz, #descriptivestats, #correlation, #significance, and more!

This HC is applicable whenever students are creating or interpreting statistical, mathematical, or computational models. The variables and parameters are essential to understand because they basically define the model, and the types of variables can impact how the model should be analyzed or simulated. For example, when modeling the SIR model in Formal Analyses class, relevant variables and parameters must be defined, classified, and analyzed before diving into deriving the implications of the model.
In some NS and SS classes, applying #variables is useful to design or critique research studies, including experiments, interviews, and surveys.
Setting up an experiment to test the desired relationship or hypothesis requires a clear idea of what variables are independent and dependent. Further, identifying the control and confounding variables helps to make sure you consider how to set up your experiment properly to isolate the relationship of interest.
When it comes to designing surveys and interviews, the type of questions posed should depend on what you want to learn from the survey and what analysis you will perform on the collected data. If one wants to perform calculations to analyze the data, it's important to have quantitative variables. Qualitative variables can still be informative but need to be analyzed and interpreted with care.
In the physical sciences, identifying variables as 'vector' quantities or 'scalar' quantities is an important part of understanding that quantity. For example, speed is a scalar quantity, while velocity is a vector quantity. Vector quantities are defined by both a magnitude (e.g., 5 m/s) and a direction (e.g., east). This distinction is important because vector quantities require different treatment than scalar quantities, usually involving geometry and trigonometry.
Dimensional analysis is important across NS, so it’s crucial to understand the dimensions of relevant quantities. Relatedly, it’s also important to consider the most appropriate units for each quantity under study.
In business courses that require spreadsheet analysis with several variables, it’s important to consider the variable types to select appropriate correlational analyses.
Applying the HC Outside of Minerva
This HC is applicable to different fields in NS and CS. For example, if you are a Machine Learning developer you will have to consider the relevant variables and their types when creating different models (e.g. regression analysis). Such models are now the backbone of various services, such as Netflix, Tiktok, and YouTube’s recommendation algorithms.
Studying any complex system, whether it be social, physical, or economic, requires understanding and representing many interacting agents. This includes a huge variety of systems from physics, to transportation, the weather, communication networks, and many more. The application of #variables is essential to ensure the characterization of all agents is appropriately modeled."
,
#constraints,"Identify and apply constraint satisfaction as a way to solve problems. Defining the HC icon Defining the HC

Pitch
While constraints limit solutions, they can be catalysts for the solution-finding process.

Paragraph Description
A problem exists when one or more obstacles to a goal must be addressed. Obstacles often cannot be overcome easily, largely because there are constraints on what actions are possible or realistic. Constraints are requirements for the solution; they do not determine it but place boundaries on what is possible. Thus, part of solving a problem is identifying the constraints on what can be done. If the constraints are well-defined, problems can often be solved by devising ways to satisfy all of the constraints simultaneously. This approach to problem solving is known as “constraint satisfaction.”

Categorization
Foundational Concept | Empirical Analyses | Thinking Creatively | Solving Problems

Cornerstone Introduction
Class: Empirical Analyses | Semester One

Unit: Problem Solving

Big Question: How can we feed the world?


General Example
You are moving into a new house and need to decide where to put the furniture in your bedroom. You have an old sofa that is missing a rear leg and sits on a telephone book, so you don’t want to put it in a location where it can be seen from behind. You realize, however, there is no place to put the sofa so that it is not seen from behind, and so you decide to treat this as an obstacle rather than a constraint and get the sofa fixed. You budget so that you spend less money on groceries this week so you have enough money to overcome the obstacle: in other words, fix the sofa. You also have an old bed, with a headboard that must lean against the wall. Fixing the headboard would cost way more than fixing the sofa, so it is not feasible, and you decide to keep it as a constraint to be satisfied. Additionally, you have two end tables, which must be set to either side of the headboard. And a large chair and reading lamp, which must be near each other. Once you pick a wall for the headboard (one of the constraints), the positions of the other pieces of furniture may be determined. There is only one other place where the wall can accommodate the headboard, and once it and the end tables are set up, there is only one other place large enough for the chair and lamp. Because you fixed the sofa, you can put it anywhere where space is left. The mere act of satisfying all of the constraints and overcoming obstacles simultaneously almost dictates the solution to the problem.

Footnote: Upon facing numerous alternative choices to place furniture, the constraints that must be satisfied by a solution are identified and fulfilled sequentially to guide the furniture arrangement; in this case, satisfying all the constraints directly solved the problem.

Is it this HC icon Is it this HC?
Is #constraints the right HC? If the answer to the following questions is yes, #constraints could be useful:
Are you distinguishing between obstacles and constraints?
Are you justifying parts of the main problem as obstacles/constraints?
Are you applying constraint satisfaction as a means to identify solutions?
Depending on the focus of the work, there might be other applicable HCs to consider. Consult the following table listing possible related HCs.


The following HC might apply if the work:
#rightproblem	
Analyzes key obstacles (solvable), instead of constraints (not solvable).
#breakitdown	
Organizes a larger problem into tractable subproblems; these subproblems often can be considered obstacles. Whether a subproblem is tractable or not often considers #constraints.
#optimization	
Defines and solves an optimization problem, which requires specifying the objective function, decision variables, and constraints, as well as evaluating techniques to solve the problem.
#gapanalysis	
Analyzes whether existing solutions and/or modifications to existing solutions will satisfy constraints.
Identifies that existing solutions will not satisfy the constraints, thus motivating the need for a creative solution.
#heuristics	
Ideates solutions using constraint-related heuristics (e.g. setting a variable to zero).
Uses means-ends analysis to identify subgoals, not constraints.
Self Study icon Self Study
Try answering the questions on your own before checking the example answers.

What is the difference between an obstacle and a constraint?
What exactly is constraint satisfaction?
What is the relationship between #gapanalysis and #constraints?
Applying the HC icon Applying the HC

Guided Reflection
Have you identified and explained relevant constraints and obstacles for the problem at hand?
Have you made a sufficient distinction between obstacles and constraints in your problem?
Have you justified why a particular constraint is not an obstacle instead?
Have you extended beyond the one or two obvious constraints (e.g. time) to find more nuanced constraints?
Have you explained how constraint satisfaction can be used to find solutions?
Are there multiple possible solutions after constraint satisfaction? If so, how would you select the final solution?
Common Pitfalls
The application mistakes an obstacle as a constraint, or vice-versa.
The application only identifies a single constraint.
The application misses a key constraint that should not have been missed.
The application attempts a solution without satisfying the identified constraints.
The application identifies a constraint accurately, but does not describe or justify it.
The application fails to support a constraint with some evidence (e.g., claiming there is a limited budget without rationale).
The application uses the word 'constraints' in the colloquial sense, neglecting what it encompasses as a problem-solving HC.
Applying the HC at Minerva
You’re a junior with an NS major. When you’re selecting courses for the lottery, you may impose several constraints, such as:
One course must be an NS course related to your concentration.
You didn’t finish all NS core courses in the sophomore year, so one course needs to be an NS core course.
For the third course, you want an elective, but you don’t want to take any business courses. You want a more introductory-level course, so you want a core course (eliminates all NS and BZ courses, and concentration courses from other colleges).
You’re a morning person, and you cannot think clearly after 6:00 pm (eliminates all evening classes)
You signed up for a yoga class on Fridays and want to avoid WF classes.
Out of all the possible combinations of courses offered in the semester, you reduced many options just by trying to satisfy the constraints above. This method greatly simplified the decision making process.

In physics, there are physical laws that constrain the relationship between dynamical quantities. Using these laws as constraints helps one to characterize the motion of an object or system. For example, for an oscillating pendulum under simple harmonic motion, the law of conservation of energy guarantees that the total mechanical energy (kinetic energy + potential energy) is constant at all times. This conservation law can be translated into a mathematical equation that serves as a constraint on the system, specifying the relationship between mass, speed, and position. Using this constraint allows one to fully evaluate the motion of the pendulum. For example, its speed at a given position can be determined. There are other conservation laws too, such as the conservation of momentum and the conservation of linear momentum. Being able to recognize scenarios in which these laws apply can be a powerful problem solving tool!
Applying the HC Outside of Minerva
Flight search engines, such as Google Flights, Skiplagged, and Skyscanner, are built on the principles of constrained optimization. For example, if you’re flying from Taipei to Buenos Aires (which is usually challenging, here’s a video explaining why), you can input several filters, such as:
The budget range
The maximum number of transits
Airlines offering a carbon offset option
The minimum baggage allowance
Duration of flight(s)
Date(s) of departure
These filters act as constraints, thus reducing the number of possible routes to travel from these two cities. The options listed for you are all viable solutions that satisfy your constraints."
,
#rightproblem,"Defining the HC icon Defining the HC

Pitch
If you’re not carefully characterizing your problem, you ARE the problem.

Paragraph Description
The first step to solving a problem is to characterize exactly what the problem is. This helps to ensure that proposed solutions address the right problem—the one that needs to be solved. Characterizing a problem requires specifying the initial and goal states, the obstacles that stand between the starting situation and the goals, and the scale of the problem. Different types of solutions are appropriate for problems that arise at different scales.

Categorization
Habit of Mind | Empirical Analyses | Thinking Creatively | Analyzing Problems

Cornerstone Introduction
Class: Empirical Analyses | Semester One

Unit: Problem Solving

Big Question: How can we feed the world?


General Example
Events that ensure interaction between students and their rotation cities are at the heart of the Minerva experience. During the COVID-19 pandemic, these events were unable to happen as they originally did, as measures of social distancing and quarantine were in effect and many students studied remotely. Aiming to still promote student engagement and interactions, understanding the core problem was key to designing appropriate solutions. The initial state of the problem was that original in-city Minerva programs were canceled and students were at risk of feeling disconnected from their community. While some students were in rotation cities, a large percentage were totally remote. The goal state was for all students to have opportunities to engage with their class, feel a sense of belonging, and connect their academic experience to their student life experience. The scale of the problem concerned the whole Minerva community, internationally, though considering the problem at the cohort scale also seemed useful. The most relevant obstacles included (1) fearful mindsets about the pandemic, (2) the pandemic added uncertainty to planning, and (3) student routines and needs changed.

Footnote: This application of #rightproblem consists of a problem-focused analysis, that starts with some general context but then narrows down to the problem characterization of initial state, goal state, scale and obstacles. It is important that this stage of problem solving is focused on understanding the depth and scope of a complex problem we want to solve, and ideation and selection of solutions will come up later on in the process. Ways this characterization could've been stronger include quantifying information about the scenario and including more aspects than just disconnect and lack of interaction (for example, the mental health impacts of the pandemic).

Is it this HC icon Is it this HC?
Is #rightproblem the right HC? If the answer to the following questions is yes, #rightproblem could be useful:

Does the work analyze and detail multiple aspects of a problem including the initial state, goal state, obstacles, and scale of the problem?
Along with initial state, goal state, and scale of the problem, does the work identify a problem’s consequences and implications?
Is the problem’s analysis robust, using reliable sources, and possibly incorporating additional HCs like #breakitdown and #constraints to make a more meaningful application?
Depending on the focus of the work, there might be other applicable HCs to consider. Consult the following table listing possible related HCs.


The following HC might apply if the work:
#breakitdown	
deconstructs the initial state of the problem iteratively into smaller subproblems
analyzes subproblems in depth (determining which subproblems are most relevant)
#constraints	
differentiates between constraints and obstacles.
justifies the choice to classify aspects of the problem as constraints.
specifies how a solution works within a constraint.
#strategize	
describes one’s position in a complex system.
leverages one’s position to meet a particular outcome.
Self Study icon Self Study
Try answering the questions on your own before checking the example answers.

What are some useful strategies to generate a more useful definition of the initial state of a problem?
What are some ways you can obtain a specific, realistic, and comprehensive goal state?
How do you determine whether an obstacle is relevant to a problem?
What are some factors you must consider when defining the scale of the problem?
Applying the HC icon Applying the HC

Guided Reflection
Have you identified, clarified, and clearly explained the aspects of a problem, like its initial state, goal state, scale, and key obstacles?
Have you identified likely future consequences of a problem?
Have you recognized and effectively critiqued an ineffective approach to a problem?
Have you identified and effectively corrected an ineffective approach to a problem?
In your HC footnote, have you included how and why you applied #rightproblem?
Common Pitfalls
The application’s problem characterization is too vague to be useful, or is only a partial characterization (e.g., missing goal state).
The application does not explain how someone measures whether the goal has been achieved.
The application does not consider obvious factors that are relevant to the problem.
The application includes inaccurate information that undercuts understanding of the problem (e.g., an obstacle is listed that is not actually an obstacle and giving it attention would make problem solving less effective).
The application makes this HC about “right” vs. “wrong” problems, using the colloquial 'right problem' rather than the more comprehensive HC.
The application sets a goal state that presupposes a solution.
Applying the HC at Minerva
You’ll apply #rightproblem when doing the introduction or explaining the context to an explanatory challenge. You’ll encounter this when writing an essay for a course about history, creating an algorithm for a course on software development, or introducing the motivation behind a thesis in empirical research.
Your civic projects will often start with a research question or state a problem you will aim to solve. Characterizing the problem will be important to produce a successful project.
Applying the HC Outside of Minerva
The UN Sustainable Development Goals are one application of #rightproblem because they lay out a clear and detailed goal state and define and break down obstacles by stating the scale of problem and ways to measure whether they have reached the goal state (SDG indicators)."
,
#qualitydeliverables ,"Submit work products with the scope, depth, and rigor appropriate to the setting or stage of project
4 (Deep Knowledge): Submits work products with sophisticated scope, depth, and rigor that are appropriate for the setting or stage of project, providing appropriate justification.
Guiding questions for rich applications of #qualitydeliverables
Have you considered and clearly articulated what would be appropriate in terms of scope, depth, and rigor for a given setting, type of project, or stage of project development?
Have you met the expectations for appropriate scope, depth, and rigor?
Have you analyzed and articulated what you accomplished? Have you applied appropriate qualitative and quantitative measures in evaluating your work (#outcomeanalysis)?
Some related HCs to consider: #professionalism, #audience, #organization, #composition, #medium, #communicationdesign, #evidencebased
"
,
#navigation,"Work strategically to meet commitments and accomplish the aims of a project by relevant deadlines
4 (Deep Knowledge): Thoughtfully applies advantageous mindsets and strategies, meets commitments, and acts in ways that advance and accomplish all aims of an ambitious project by relevant deadlines, providing appropriate justification.
Guiding questions for rich applications of #navigation
How have you planned ahead, taking into account the work needing to be done, the competing demands on your time, relevant constraints, and how you work best? Have you appropriately factored in common human (cognitive, emotional, behavioral) pitfalls such as the planning fallacy and propensity for distraction?
Have you employed appropriate strategies and mindsets to successfully complete your intended work? How did you choose these and how do you know if they were effective?
How have you dealt with setbacks? Did you identify an appropriate backup plan in advance, and how did you determine the right time to switch from your main plan to your backup plan? How did you continue to work toward achieving the overarching aims of your project?
How have you identified necessary resources (e.g., scholars, practitioners, datasets, published materials, computing time, money) and how have you accessed them? 
How have you prepared for meetings and kept your other commitments?
How have you worked with other people, for example, to seek advice, feedback, or support to help you achieve your goals? How have you acted on feedback received?
If you are working in collaboration with others, how are you negotiating and navigating the expectations of the collaboration?
Some related HCs to consider: #rightproblem, #purpose, #strategize, #responsibility, #selfawareness, #negotiate, #confidence, #leadprinciples, #scienceoflearning, #constraints, #breakitdown, #heuristics, #designthinking, #ethicalconsiderations, #ethicaljudgement, #utility
"
,
#outcomeanalysis,"Identify and utilize appropriate measures and rubrics to develop and evaluate work products
4 (Deep Knowledge): Identifies appropriate and sophisticated measures and rubrics to develop and/or evaluate work products, providing appropriate justification; comprehensively classifies the quality and completeness of work products in terms of their scope, depth, and rigor, providing appropriate justification; identifies important areas for improvement in work products based on the application of sophisticated measures and rubrics, providing appropriate justification.
Guiding questions for rich applications of #outcomeanalysis
Whether qualitative or quantitative, have you specified a non-overlapping and sufficiently comprehensive (mutually exclusive, collectively exhaustive) set of measures or descriptors that encompass the objectives of your intended work products? Consider the categories of content knowledge, skills demonstration, theoretical treatment, and professional presentation. 
Whether qualitative or quantitative, have you specified key distinguishing features of superficial or early-stage work products compared to those that would be considered professional, complete, and high quality for the type of work you are creating? Have you studied and characterized others’ exemplary work that resembles what you are aiming to create?
Have you provided justification for your metrics and explained why some metrics should be given stronger consideration than others when evaluating the quality of particular work products?
Are your metrics sufficiently clear and specific so that another person could accurately evaluate your work products by referring only to your metrics?
How has your consideration of metrics on intermediate work products led to improvements in your work products overall? How have you used metrics to determine whether particular aspects of your work products are “done”?
Some related HCs to consider: #breakitdown, #professionalism, #conformity, #estimation, #utility, #optimization, #decisiontrees, #variables, #plausibility, #audience"
,
#curation,"Select, organize, and present essential content for an intended purpose
4 (Deep Knowledge): Selects and presents only essential content in a well-structured manner for an intended purpose, providing appropriate justification.
Guiding questions for rich applications of #curation
What are the truly essential components of a project to present for a given purpose and audience? How do you know, or how did you reach that decision? 
How have you created and assembled the truly essential components? How are work products structured and presented? How do different components relate or correspond to one another? Why is each of the presented elements important?
How have the features and components of your final product(s) changed over the course of your project? What are you presenting in the final version and how does that compare to earlier drafts or versions of (components of) your project? What did you decide to leave out from the final version and why?
Some related HCs to consider: #audience, #organization, #designthinking, #purpose, #rightproblem, #levelsofanalysis, #gapanalysis, #breakitdown, #sourcequality, #evidencebased, #interpretivelens, #critique, #conformity
"